book number,book name,book title,book kind,chapter number,book author / chapter author,chapter title,book reference/ chapter reference
1,1.marx.pdf,Marx and Heidegger,sections,0,Gerry Stahl,,"Stahl, G. (2010). Marx and Heidegger. Philadelphia. PA: Gerry Stahl at Lulu. "
1,1.marx.pdf,Marx and Heidegger,sections,1,Gerry Stahl,Chapter I. The Alternative of Marx and Heidegger,"Stahl, G. (1975). Marxian Hermeneutics and Heideggerian Social Theory: Interpreting and Transforming Our World [Ph.D. Dissertation, Northwestern University]. Evanston, IL. http://GerryStahl.net/elibrary/marx"
1,1.marx.pdf,Marx and Heidegger,sections,2,Gerry Stahl,Chapter II. Heidegger’s Critique of Marx,
1,1.marx.pdf,Marx and Heidegger,sections,3,Gerry Stahl,Chapter III. A Marxist Critique of Heidegger,
1,1.marx.pdf,Marx and Heidegger,sections,4,Gerry Stahl,Chapter IV. Anticipations: The Early Works,
1,1.marx.pdf,Marx and Heidegger,sections,5,Gerry Stahl,Chapter V. Research: The Grundrisse,
1,1.marx.pdf,Marx and Heidegger,sections,6,Gerry Stahl,Chapter VI. Presentation: Capital,
1,1.marx.pdf,Marx and Heidegger,sections,7,Gerry Stahl,Transitional Remarks,
1,1.marx.pdf,Marx and Heidegger,sections,8,Gerry Stahl,Chapter VII: The Work,
1,1.marx.pdf,Marx and Heidegger,sections,9,Gerry Stahl,Chapter VIII: The Thing,
1,1.marx.pdf,Marx and Heidegger,sections,10,Gerry Stahl,Chapter IX: Being-Itself,
1,1.marx.pdf,Marx and Heidegger,sections,11,Gerry Stahl,Concluding Remarks,
1,1.marx.pdf,Marx and Heidegger,sections,12,Gerry Stahl,EPILOGUE: THE WORKING OF SONIC BEING IN E-MUSIC,"Stahl, G. (2022). The working of sonic being in e-music (Marx and Heidegger fifty years later). In G. Stahl (Ed.), Marx and Heidegger (pp. 23). Chatham, MA: Gerry Stahl at Lulu. "
10,10.science.pdf,Essays in Group-Cognitive Science,essays,0,Gerry Stahl,,"Stahl, G. (2015). Essays in Group-Cognitive Science (G. Stahl, Ed.). Philadelphia, PA: Gerry Stahl at Lulu. "
10,10.science.pdf,Essays in Group-Cognitive Science,essays,1,Gerry Stahl,Group Cognition as a Foundation for the New Science of Learning,"Stahl, G. (2010). Group Cognition as a Foundation for the New Science of Learning. In M. S. Khine & Saleh (Eds.), New Science of Learning: Cognition, Computers and Collaboration in Education (pp. 23–44). New York, NY: Springer. https://doi.org/978-1-4419-5716-0_2 "
10,10.science.pdf,Essays in Group-Cognitive Science,essays,2,Gerry Stahl,A View of ComputerSupported Collaborative Learning Research and its Lessons,"Stahl, G. (2012). A View of Computer-Supported Collaborative Learning Research and its Lessons for Future-Generation Collaboration Systems. http://GerryStahl.net/pub/fgcs.pdf"
10,10.science.pdf,Essays in Group-Cognitive Science,essays,3,Gerry Stahl,CSCL for the era of climate change,"Stahl, G. (2023). CSCL for the era of climate change. In G. Stahl (Ed.), Essays in Group Cognitivre Science. Chatham, MA: Gerry Stahl at Lulu. "
10,10.science.pdf,Essays in Group-Cognitive Science,essays,4,Gerry Stahl,How I View Learning and Thinking in CSCL Groups,"Stahl, G. (2011). How I View Learning and Thinking in CSCL Groups. Research and Practice in Technology Enhanced Learning (RPTEL), 6(3), 137–159, Article 10. "
10,10.science.pdf,Essays in Group-Cognitive Science,essays,5,Gerry Stahl,Theories of Group Cognition: Foundations for CSCL and CSCW,"Stahl, G. (2013). Theories of Cognition in Collaborative Learning. In C. Hmelo-Silver, A. O'Donnell, C. Chan, & C. Chinn (Eds.), International Handbook of Collaborative Learning (pp. 74–90). New York, NY: Taylor & Francis. "
10,10.science.pdf,Essays in Group-Cognitive Science,essays,6,Gerry Stahl,How a Virtual Math Team Structured its Problem Solving,"Stahl, G. (2011). How a Virtual Math Team Structured its Problem Solving. Connecting computer-supported collaborative learning to policy and practice: CSCL 2011 conference proceedings, Lulu: ISLS."
10,10.science.pdf,Essays in Group-Cognitive Science,essays,7,Gerry Stahl,Interaction Analysis of a Biology Chat,"Stahl, G. (2013). Interaction Analysis of a Biology Chat. InSuthers, K. Lund, C. P. Rosé, C. Teplovs, & N. Law (Eds.), Productive Multivocality in the Analysis of Group Interactions (Vol. #14 Springer CSCL Book Series, pp. 511–540). New York, NY: Springer. https://doi.org/978-1-4614-8960-3_28 "
10,10.science.pdf,Essays in Group-Cognitive Science,essays,8,Gerry Stahl,Coding Scheme for Sequential Discourse,"Stahl, G. (2011). Coding scheme for sequential discourse. http://GerryStahl.net/pub/coded4b.pdf"
10,10.science.pdf,Essays in Group-Cognitive Science,essays,9,"Zemel, A., & Stahl, G. ",Coordinating Collaborative Action in Online Math ProblemSolving,"Zemel, A., & Stahl, G. (2010). Coordinating Collaborative Action in Online Math Problem-Solving. National Communication Association’s 96th Annual Convention (NCA 2010), San Francisco, CA."
10,10.science.pdf,Essays in Group-Cognitive Science,essays,10,"Strijbos, J. W., & Stahl, G. ",Methodological issues in developing a multi-dimensional coding procedure for small group chat communication,"Strijbos, J. W., & Stahl, G. (2007). Methodological issues in developing a multi-dimensional coding procedure for small group chat communication. Learning & Instruction. Special issue on measurement challenges in collaborative learning research, 17(4), 394–404, Article 10. "
10,10.science.pdf,Essays in Group-Cognitive Science,essays,11,"Stahl, G., & Strijbos, J. W. ",A Multi-Dimensional Coding Scheme for Mathematical Collaboration,"Stahl, G., & Strijbos, J. W. (2004). A Multi-Dimensional Coding Scheme for Mathematical Collaboration. http://GerryStahl.net/pub/multi_dim_codes.pdf"
11,11.theory.pdf,Essays in Philosophy of Group Cognition,essays,0,Gerry Stahl,,"Stahl, G. (2015). Essays in Philosophy of Group Cognition. Philadelphia, PA: Gerry Stahl at Lulu. "
11,11.theory.pdf,Essays in Philosophy of Group Cognition,essays,1,"Stahl, G., Koschmann, T., & Suthers, D. ",Introduction to CSCL,"Stahl, G., Koschmann, T., & Suthers, D. (2021). Computer-supported collaborative learning. InSawyer (Ed.), Cambridge Handbook of the Learning Sciences, third edition. Cambridge, UK: Cambridge University Press. "
11,11.theory.pdf,Essays in Philosophy of Group Cognition,essays,2,"Stahl, G., & Hakkarainen, K. ",Theories of CSCL,"Stahl, G., & Hakkarainen, K. (2021). Theories of CSCL. In U. Cress, C. Rosé, A. Wise, & J. Oshima (Eds.), International Handbook of Computer-Supported Collaborative Learning. New York, NY: Springer. "
11,11.theory.pdf,Essays in Philosophy of Group Cognition,essays,3,"Medina, R., & Stahl, G. ",Analysis of CSCL,"Medina, R., & Stahl, G. (2021). Analysis of  Group Practices. In U. Cress, C. Rosé, A. Wise, & J. Oshima (Eds.), International Handbook of Computer-Supported Collaborative Learning. New York, NY: Springer. "
11,11.theory.pdf,Essays in Philosophy of Group Cognition,essays,4,Gerry Stahl,Curriculum for CSCL,"Stahl, G. (2021). Redesigning Mathematical Curriculum for Blended Learning. In G. Stahl (Ed.), Essays in Philosophy of Group Cognition. Chatham, MA: Gerry Stahl at Lulu. "
11,11.theory.pdf,Essays in Philosophy of Group Cognition,essays,5,Gerry Stahl,Technological Artifacts,"Stahl, G. (2022). The working of sonic being in e-music. In G. Stahl (Ed.), Essays in Philosophy of Group Cognition (pp. 100–122). Chatham, MA: Gerry Stahl at Lulu. "
11,11.theory.pdf,Essays in Philosophy of Group Cognition,essays,6,Gerry Stahl,Introducing Theoretical Investigations,"Stahl, G. (2021). Introduction. In G. Stahl (Ed.), Theoretical Investigations: Philosophical Foundations of Group Cognition. New York, NY: Springer. "
11,11.theory.pdf,Essays in Philosophy of Group Cognition,essays,7,Gerry Stahl,A Vision of Group Cognition,"Stahl, G. (2021). Investigation 1. Advancing a CSCL Vision. In G. Stahl (Ed.), Theoretical Investigations: Philosophical Foundations of Group Cognition (pp. 3–26). New York, NY: Springer. https://doi.org/https://doi.org/10.1007/978-3-030-49157-4_1 "
11,11.theory.pdf,Essays in Philosophy of Group Cognition,essays,8,Gerry Stahl,The Theory of Group Cognition,"Stahl, G. (2021). Investigation 2. A Theory of Group Cognition in CSCL. In G. Stahl (Ed.), Theoretical Investigations: Philosophical Foundations of Group Cognition (pp. 27–61). New York, NY: Springer. https://doi.org/10.1007/978-3-030-49157-4_2 "
11,11.theory.pdf,Essays in Philosophy of Group Cognition,essays,9,Gerry Stahl,A Post-cognitive Theoretical Paradigm,"Stahl, G. (2016). The group as paradigmatic unit of analysis: The contested relationship of CSCL to the Learning Sciences. In M. A. Evans, M. J. Packer, &Sawyer (Eds.), Reflections on the Learning Sciences (pp. 76–102). New York, NY: Cambridge University Press. "
11,11.theory.pdf,Essays in Philosophy of Group Cognition,essays,10,Gerry Stahl,Practices in Group Cognition,"Stahl, G. (2017). Group practices: A new way of viewing CSCL. International Journal of Computer-Supported Collaborative Learning, 12(1), 113–126, Article 11. https://doi.org/10.1007/s11412-016-9227-5 "
11,11.theory.pdf,Essays in Philosophy of Group Cognition,essays,11,"Stahl, G., Zhou, N., Çakir, M. P., & Sarmiento-Klapper, J. W.",Co-experiencing a Virtual World,"Stahl, G., Zhou, N., Çakir, M. P., & Sarmiento-Klapper, J. W. (2011). Seeing what we mean: Co-experiencing a shared virtual world. Connecting computer-supported collaborative learning to policy and practice: CSCL 2011 conference proceedings, Lulu: ISLS."
11,11.theory.pdf,Essays in Philosophy of Group Cognition,essays,12,Gerry Stahl,From Intersubjectivity to Group Cognition,"Stahl, G. (2016). From Intersubjectivity to Group Cognition. Computer Supported Cooperative Work (CSCW), 25(4), 355–384, Article 11. https://doi.org/10.1007/s10606-016-9243-z "
11,11.theory.pdf,Essays in Philosophy of Group Cognition,essays,13,Gerry Stahl,Constituting Group Cognition,"Stahl, G. (2014). The constitution of group cognition. In L. Shapiro (Ed.), Handbook of Embodied Cognition (pp. 335–346). New York, NY: Routledge. "
11,11.theory.pdf,Essays in Philosophy of Group Cognition,essays,14,Gerry Stahl,Sustaining Group Cognition,"Stahl, G. (2006). Sustaining group cognition in a math chat environment. Research and Practice in Technology Enhanced Learning (RPTEL), 1(2), 85–113, Article 11. "
11,11.theory.pdf,Essays in Philosophy of Group Cognition,essays,15,Gerry Stahl,Structuring Group Cognition,
12,12.math.pdf,Essays in Online Mathematics Interaction,essays,0,Gerry Stahl,,"Stahl, G. (2015). Essays in Online Mathematics Interaction. Philadelphia, PA: Gerry Stahl at Lulu. "
12,12.math.pdf,Essays in Online Mathematics Interaction,essays,1,"Çakir, M. P., Stahl, G., & Zemel, A.",Interactional Achievement of Shared Mathematical Understanding in a Virtual Math Team,"Çakir, M. P., Stahl, G., & Zemel, A. (2010). Interactional Achievement of Shared Mathematical Understanding in Virtual Math Teams. International Conference of the Learning Sciences (ICLS 2010), Chicago, IL."
12,12.math.pdf,Essays in Online Mathematics Interaction,essays,2,"Çakir, M. P., Zemel, A., & Stahl, G.",The Joint Organization of Interaction within a Multimodal CSCL Medium,"Çakir, M. P., Zemel, A., & Stahl, G. (2009). The joint organization of interaction within a multimodal CSCL medium. International Journal of Computer-Supported Collaborative Learning, 4(2), 115–149, Article 12. https://doi.org/10.1007/s11412-009-9061-0 "
12,12.math.pdf,Essays in Online Mathematics Interaction,essays,3,"Çakir, M. P., & Stahl, G.","The Integration of Mathematics Discourse, Graphical Reasoning and Symbolic Expression by a Virtual Math Team","Çakir, M. P., & Stahl, G. (2013). The Integration of Mathematics Discourse, Graphical Reasoning and Symbolic Expression by a Virtual Math Team. In D. Martinovic, V. Freiman, & Z. Karadag (Eds.), Visual Mathematics and Cyberlearning (pp. 49–96). New York, NY: Springer. "
12,12.math.pdf,Essays in Online Mathematics Interaction,essays,4,"Koschmann, T., Stahl, G., & Zemel, A.l","“You can divide the thing into two parts”: Analyzing Referential, Mathematical and Technological Practice in the VMT Environment","Koschmann, T., Stahl, G., & Zemel, A. (2009). “You can divide the thing into two parts”: Analyzing Referential, Mathematical and Technological Practice in the VMT Environment. international conference on Computer Support for Collaborative Learning (CSCL 2009), Rhodes, Greece."
12,12.math.pdf,Essays in Online Mathematics Interaction,essays,5,"Stahl, G., Zemel, A., & Koschmann, T.",Repairing Indexicality in Virtual Math Teams,"Stahl, G., Zemel, A., & Koschmann, T. (2009). Repairing Indexicality in Virtual Math Teams. International Conference on Computers and Education (ICCE 2009), Hong Kong, China."
12,12.math.pdf,Essays in Online Mathematics Interaction,essays,6,"Sarmiento, J., & Stahl, G.","Group Creativity in InterAction: Collaborative Referencing, Remembering and Bridging","Sarmiento, J., & Stahl, G. (2008). Group creativity in inter-action: Referencing, remembering and bridging. International Journal of Human-Computer Interaction (IJHCI), 492–504, Article 12. "
12,12.math.pdf,Essays in Online Mathematics Interaction,essays,7,"Trausan-Matu, S., Stahl, G., & Sarmiento, J.",Polyphonic Support for Collaborative Learning,"Trausan-Matu, S., Stahl, G., & Sarmiento, J. (2006). Polyphonic Support for  Collaborative Learning. In Y. A. Dimitriadis (Ed.), Groupware: Design, Implementation, and Use: Proceedings of the  12th International Workshop on Groupware, CRIWG 2006, Medina del Campo, Spain, September 17-21, 2006. LNCS 4154 (pp. 132–139). Berlin: Springer Verlag. "
12,12.math.pdf,Essays in Online Mathematics Interaction,essays,8,Gerry Stahl,Book review: Exploring thinking as communicating in CSCL,"Stahl, G. (2008). Thinking as communicating: human development, the growth of discourses and mathematizing. International Journal of Computer-Supported Collaborative Learning, 3(3), 361–368, Article 12. https://doi.org/10.1007/s11412-008-9046-4 "
13,13.dynamic.pdf,Essays in Collaborative Dynamic Geometry,essays,0,Gerry Stahl,,"Stahl, G. (2015). Essays in Collaborative Dynamic Geometry. Philadelphia, PA: Gerry Stahl at Lulu. "
13,13.dynamic.pdf,Essays in Collaborative Dynamic Geometry,essays,1,"Stahl, G., Ou, J. X., Weusijana, B. K., Çakir, M. P., & Weimar, S.",Multi-User GeoGebra for Virtual Math Teams,"Stahl, G., Ou, J. X., Weusijana, B. K., Çakir, M. P., & Weimar, S. (2010). Multi-User GeoGebra for Virtual Math Teams. GeoGebra: The New Language For The Third Millennium, 1(1), 117–126, Article 13. "
13,13.dynamic.pdf,Essays in Collaborative Dynamic Geometry,essays,2,Gerry Stahl,Designing a Learning Environment to Promote Math Discourse,"Stahl, G. (2012). Designing a Learning Environment for Promoting Math Discourse. 12th International Conference on Mathematical Education, Seoul, Korea."
13,13.dynamic.pdf,Essays in Collaborative Dynamic Geometry,essays,3,Gerry Stahl,"Supporting Group Cognition, Individual Learning and Community Practices in Dynamic Geometry","Stahl, G. (2012). Supporting group cognition, individual learning and community practices in dynamic geometry. 3rd International Conference on Emerging Intelligent Data and Web Technologies (EIDWT 2012), Bucharest, Romania."
13,13.dynamic.pdf,Essays in Collaborative Dynamic Geometry,essays,4,Gerry Stahl,Evaluating Significant Math Discourse in a Learning Environment,"Stahl, G. (2012). Evaluating Significant Math Discourse in a Learning Environment. 12th International Conference on Mathematical Education, Seoul, Korea."
13,13.dynamic.pdf,Essays in Collaborative Dynamic Geometry,essays,5,"Öner, D., & Stahl, G.",Tracing the Change in Discourse in a Collaborative Dynamic Geometry Environment: From Visual to More Mathematical,"Öner, D., & Stahl, G. (2015). Poster: Tracing the Change in Discourse in a Collaborative Dynamic-Geometry Environment: From Visual to More Mathematical CSCL 2015, Gothenburg, Sweden. http://GerryStahl.net/pub/cscl2015oner.pdf"
13,13.dynamic.pdf,Essays in Collaborative Dynamic Geometry,essays,6,"Khoo, M., & Stahl, G.",Constructing Knowledge: A Community of Practice Framework for Evaluation in the VMT Project,"Khoo, M., & Stahl, G. (2015). Constructing Knowledge: A Community of Practice Approach to Evaluation in the VMT Project. CSCL 2015, Gothenburg, Sweden."
13,13.dynamic.pdf,Essays in Collaborative Dynamic Geometry,essays,7,"Çakir, M. P., & Stahl, G.",Dragging as a Referential Resource for Mathematical Meaning Making in a Collaborative DynamicGeometry Environment,"Çakir, M. P., & Stahl, G. (2015). Dragging as a Referential Resource for Mathematical Meaning Making in a Collaborative Dynamic-Geometry Environment [nominated for best paper of conference]. CSCL 2015, Gothenburg, Sweden."
13,13.dynamic.pdf,Essays in Collaborative Dynamic Geometry,essays,8,"Stahl, G., Weimar, S., Fetter, A., & Mantoan, A.",Collaborative Exploration of Geometric Dependencies in Dynamic Geometry,"Stahl, G., Weimar, S., Fetter, A., & Mantoan, A. (2014a, November 20–21, 2014). Collaborative Exploration of Geometric Dependencies in Dynamic Geometry. Fifth North-American GeoGebra Conference 2014, Toronto, Canada."
13,13.dynamic.pdf,Essays in Collaborative Dynamic Geometry,essays,9,"Stahl, G., Weimar, S., Fetter, A., & Mantoan, A.",Working Group: Developing Comprehensive Open-Source Geometry Curricula using GeoGebra,"Stahl, G., Weimar, S., Fetter, A., & Mantoan, A. (2014). Working Group: Developing Comprehensive Open-Source Geometry Curricula using GeoGebra Fifth North-American GeoGebra Conference 2014, Toronto, Canada. http://GerryStahl.net/pub/ggb2014wg.pdf"
13,13.dynamic.pdf,Essays in Collaborative Dynamic Geometry,essays,10,Gerry Stahl,CSCL for the Era of Climate Change,"Stahl, G. (2023). CSCL for the era of climate change. In G. Stahl (Ed.), Essays in Collaborative Dynamic Geometry (pp. 132–154). Chatham, MA: Gerry Stahl at Lulu. "
14,14.topics.pdf,Adventures in Dynamic Geometry,sections,0,Gerry Stahl,,"Stahl, G. (2015). Adventures in Dynamic Geometry. Philadelphia, PA: Gerry Stahl at Lulu. "
14,14.topics.pdf,Adventures in Dynamic Geometry,sections,1,Gerry Stahl,The Construction Crew Game,"Stahl, G. (2015). The Construction Crew Game. http://GerryStahl.net/elibrary/topics/game.pdf; http://ggbtu.be/b154045"
14,14.topics.pdf,Adventures in Dynamic Geometry,sections,2,Gerry Stahl,Explore Dynamic Geometry Together,"Stahl, G. (2014). Explore Dynamic Geometry Together. http://GerryStahl.net/elibrary/topics/explore.pdf"
14,14.topics.pdf,Adventures in Dynamic Geometry,sections,3,Gerry Stahl,Topics in Dynamic Geometry for Virtual Math Teams,"Stahl, G. (2013). Topics in Dynamic Geometry for Virtual Math Teams. http://GerryStahl.net/elibrary/topics/topics.pdf"
14,14.topics.pdf,Adventures in Dynamic Geometry,sections,4,Gerry Stahl,Dynamic-Geometry Activities with GeoGebra for Virtual Math Teams,"Stahl, G. (2014). Construct Dynamic Geometry Together. http://GerryStahl.net/elibrary/topics/construct.pdf; http://ggbtu.be/b140867"
15,15.global.pdf,Global Introduction to CSCL,sections,0,Gerry Stahl,,"Stahl, G. (2010). Global Introduction to CSCL. Philadelphia, PA: Gerry Stahl at Lulu. "
15,15.global.pdf,Global Introduction to CSCL,sections,1,"G. Stahl, T. Koschmann & D. Suthers",English third edition (2020),
15,15.global.pdf,Global Introduction to CSCL,sections,2,"G. Stahl, T. Koschmann & D. Suthers",English original version (2006),"Stahl, G., Koschmann, T., & Suthers, D. (2006). Computer-supported collaborative learning: An historical perspective. InSawyer (Ed.), Cambridge Handbook of the Learning Sciences (pp. 409–426). Cambridge, UK: Cambridge University Press. "
15,15.global.pdf,Global Introduction to CSCL,sections,3,"G. Stahl, T. Koschmann & D. Suthers",Spanish Translation by Cesar Alberto  & Collazos Ordoñez ,
15,15.global.pdf,Global Introduction to CSCL,sections,4,"G. Stahl, T. Koschmann & D. Suthers",Portuguese Translation by Hugo Fuks & Tatiana Escovedo ,"Stahl, G., Koschmann, T., & Suthers, D. (2008). Aprendizagem colaborativa com suporte computacional: Uma perspectiva histórica [Computer-supported collaborative learning: An historical perspective] (Portugese translation by Hugo Fuks & Tatiana Escovedo). Boletim Gepem, 52(Dez.), Article 15. "
15,15.global.pdf,Global Introduction to CSCL,sections,5,"G. Stahl, T. Koschmann & D. Suthers",Simplified Chinese Translation by Nan Zhou,
15,15.global.pdf,Global Introduction to CSCL,sections,6,"G. Stahl, T. Koschmann & D. Suthers",Traditional Chinese Translation by Fei-Ching Chen,
15,15.global.pdf,Global Introduction to CSCL,sections,7,"G. Stahl, T. Koschmann & D. Suthers",Romanian Translation by Ştefan Trăuşan-Matu,"Stahl, G., Koschmann, T., & Suthers, D. (2008). Învăţarea colaborativă sprijinită de calculator: o perspectivă istorică. [Computer-supported collaborative learning: An historical perspective]. (Romanian) (Ş. Trăuşan-Matu, Trans.). In Ş. Trăuşan-Matu (Ed.), Interacţiunea conversaţională în sistemele colaborative pe web. [Conversational interaction in web-based collaboration systems]. (Romanian) (pp. 1–24). Belgrade, Romania: Editura MatrixRom. "
15,15.global.pdf,Global Introduction to CSCL,sections,8,"G. Stahl, T. Koschmann & D. Suthers",German Translation by Martin Mühlpfordt,
16,16.ijcscl.pdf,Editorial Introductions to ijCSCL,editorials,0,Gerry Stahl,,"Stahl, G. (2010). Editorial Introductions to ijCSCL. Philadelphia, PA: Gerry Stahl at Lulu. "
16,16.ijcscl.pdf,Editorial Introductions to ijCSCL,editorials,1,G. Stahl & F. Hesse,1(1): ijCSCL – a journal for research in CSCL,"Stahl, G., & Hesse, F. (2006). ijCSCL -- a journal for research in CSCL. International Journal of Computer-Supported Collaborative Learning, 1(1), 3–7, Article 16. https://doi.org/10.1007/s11412-006-7867-6 "
16,16.ijcscl.pdf,Editorial Introductions to ijCSCL,editorials,2,G. Stahl & F. Hesse,"1(2): Building knowledge in the classroom, building knowledge in the CSCL community","Stahl, G., & Hesse, F. (2006). Building knowledge in the classroom, building knowledge in the CSCL community. International Journal of Computer-Supported Collaborative Learning, 1(2), 163–165, Article 16. https://doi.org/10.1007/s11412-006-9013-x "
16,16.ijcscl.pdf,Editorial Introductions to ijCSCL,editorials,3,G. Stahl & F. Hesse,1(3): Focusing on participation in group meaning making,"Stahl, G., & Hesse, F. (2006). Focusing on participation in group meaning making. International Journal of Computer-Supported Collaborative Learning, 1(3), 311–313, Article 16. https://doi.org/10.1007/s11412-006-9960-2 "
16,16.ijcscl.pdf,Editorial Introductions to ijCSCL,editorials,4,G. Stahl & F. Hesse,1(4): Social practices of computer-supported collaborative learning,"Stahl, G., & Hesse, F. (2006). Social practices of computer-supported collaborative learning. International Journal of Computer-Supported Collaborative Learning, 1(4), 409–412, Article 16. https://doi.org/10.1007/s11412-006-9004-y "
16,16.ijcscl.pdf,Editorial Introductions to ijCSCL,editorials,5,G. Stahl & F. Hesse,2(1): Welcome to the future: ijCSCL volume 2,"Stahl, G., & Hesse, F. (2007). Welcome to the future: ijCSCL volume 2. International Journal of Computer-Supported Collaborative Learning, 2(1), 1–5, Article 16. https://doi.org/10.1007/s11412-007-9010-8 "
16,16.ijcscl.pdf,Editorial Introductions to ijCSCL,editorials,6,"G. Stahl, D. Suthers &  F. Hesse",2(2&3): A double issue for CSCL 2007,"Stahl, G., Suthers, D. D., & Hesse, F. (2007). A double issue for CSCL 2007. International Journal of Computer-Supported Collaborative Learning, 2(2-3), 127–131, Article 16. https://doi.org/10.1007/s11412-007-9017-1 "
16,16.ijcscl.pdf,Editorial Introductions to ijCSCL,editorials,7,Gerry Stahl,2(4): CSCL and its flash themes,"Stahl, G. (2007). CSCL and its flash themes. International Journal of Computer-Supported Collaborative Learning, 2(4), 359–362, Article 16. https://doi.org/10.1007/s11412-007-9029-x "
16,16.ijcscl.pdf,Editorial Introductions to ijCSCL,editorials,8,G. Stahl & F. Hesse,3(1): The many levels of CSCL,"Stahl, G., & Hesse, F. (2008). The many levels of CSCL. International Journal of Computer-Supported Collaborative Learning, 3(1), 1–4, Article 16. https://doi.org/10.1007/s11412-007-9036-y "
16,16.ijcscl.pdf,Editorial Introductions to ijCSCL,editorials,9,Gerry Stahl,3(2): The strength of the lone wolf,"Stahl, G. (2008). The strength of the lone wolf. International Journal of Computer-Supported Collaborative Learning, 3(2), 99–103, Article 16. https://doi.org/10.1007/s11412-008-9041-9 "
16,16.ijcscl.pdf,Editorial Introductions to ijCSCL,editorials,10,G. Stahl & F. Hesse,3(3): Explorations of participation in discourse,"Stahl, G., & Hesse, F. (2008). Explorations of participation in discourse. International Journal of Computer-Supported Collaborative Learning, 3(3), 235–236, Article 16. https://doi.org/10.1007/s11412-008-9047-3 "
16,16.ijcscl.pdf,Editorial Introductions to ijCSCL,editorials,11,G. Stahl & F. Hesse,3(4): CSCL practices,"Stahl, G., & Hesse, F. (2008). CSCL practices. International Journal of Computer-Supported Collaborative Learning, 3(4), 369–372, Article 16. https://doi.org/10.1007/s11412-008-9053-5 "
16,16.ijcscl.pdf,Editorial Introductions to ijCSCL,editorials,12,Gerry Stahl,4(1): Yes we can!,"Stahl, G. (2009). Yes we can! International Journal of Computer-Supported Collaborative Learning, 4(1), 1–4, Article 16. https://doi.org/10.1007/s11412-008-9055-3 "
16,16.ijcscl.pdf,Editorial Introductions to ijCSCL,editorials,13,G. Stahl & F. Hesse,4(2): Practice perspectives in CSCL,"Stahl, G., & Hesse, F. (2009). Practice perspectives in CSCL. International Journal of Computer-Supported Collaborative Learning, 4(2), 109–114, Article 16. https://doi.org/10.1007/s11412-009-9065-9 "
16,16.ijcscl.pdf,Editorial Introductions to ijCSCL,editorials,14,G. Stahl & F. Hesse,4(3): Classical dialogs in CSCL,"Stahl, G., & Hesse, F. (2009). Classical dialogs in CSCL. International Journal of Computer-Supported Collaborative Learning, 4(3), 233–237, Article 16. https://doi.org/10.1007/s11412-009-9071-y "
16,16.ijcscl.pdf,Editorial Introductions to ijCSCL,editorials,15,G. Stahl & F. Hesse,4(4): Paradigms of shared knowledge,"Stahl, G., & Hesse, F. (2009). Paradigms of shared knowledge. International Journal of Computer-Supported Collaborative Learning, 4(4), 365–369, Article 16. https://doi.org/10.1007/s11412-009-9075-7 "
16,16.ijcscl.pdf,Editorial Introductions to ijCSCL,editorials,16,G. Stahl & F. Hesse,5(1): The CSCL field matures,"Stahl, G., & Hesse, F. (2010). The CSCL field matures. International Journal of Computer-Supported Collaborative Learning, 5(1), 1–3, Article 16. https://doi.org/10.1007/s11412-009-9077-5 "
16,16.ijcscl.pdf,Editorial Introductions to ijCSCL,editorials,17,G. Stahl & F. Hesse,5(2): A prism of CSCL research,"Stahl, G., & Hesse, F. (2010). A prism of CSCL research. International Journal of Computer-Supported Collaborative Learning, 5(2), 137–139, Article 16. https://doi.org/10.1007/s11412-010-9087-3 "
16,16.ijcscl.pdf,Editorial Introductions to ijCSCL,editorials,18,Gerry Stahl,5(3): Guiding group cognition in CSCL,"Stahl, G. (2010). Guiding group cognition in CSCL. International Journal of Computer-Supported Collaborative Learning, 5(3), 255–258, Article 16. https://doi.org/10.1007/s11412-010-9091-7 "
16,16.ijcscl.pdf,Editorial Introductions to ijCSCL,editorials,19,G. Stahl & F. Hesse,5(4): Beyond folk theories of CSCL,"Stahl, G., & Hesse, F. (2010). Beyond folk theories of CSCL. International Journal of Computer-Supported Collaborative Learning, 5(4), 355–358, Article 16. https://doi.org/10.1007/s11412-010-9098-0 "
16,16.ijcscl.pdf,Editorial Introductions to ijCSCL,editorials,20,G. Stahl & F. Hesse,6(1): CSCL in Asia,"Stahl, G., & Hesse, F. (2011). CSCL in Asia. International Journal of Computer-Supported Collaborative Learning, 6(1), 1–7, Article 16. https://doi.org/10.1007/s11412-011-9112-1 "
16,16.ijcscl.pdf,Editorial Introductions to ijCSCL,editorials,21,G. Stahl & F. Hesse,6(2): Let a hundred flowers bloom; let a hundred schools of thought contend,"Stahl, G., & Hesse, F. (2011). Let a hundred flowers bloom; let a hundred schools of thought contend. International Journal of Computer-Supported Collaborative Learning, 6(2), 139–145, Article 16. https://doi.org/10.1007/s11412-011-9118-8 "
16,16.ijcscl.pdf,Editorial Introductions to ijCSCL,editorials,22,G. Stahl & F. Hesse,6(3): Tweets from #cscl2011,"Stahl, G., Hesse, F. W., & Law, N. (2011). Tweets from #cscl2011. International Journal of Computer-Supported Collaborative Learning, 6(3), 323–327, Article 16. https://doi.org/10.1007/s11412-011-9128-6 "
16,16.ijcscl.pdf,Editorial Introductions to ijCSCL,editorials,23,Gerry Stahl,6(4): Collaborating around the tabletop,"Stahl, G. (2011). Collaborating around the tabletop. International Journal of Computer-Supported Collaborative Learning, 6(4), 485–490, Article 16. https://doi.org/10.1007/s11412-011-9135-7 "
16,16.ijcscl.pdf,Editorial Introductions to ijCSCL,editorials,24,Gerry Stahl,7(1): Ethnomethodologically informed,
16,16.ijcscl.pdf,Editorial Introductions to ijCSCL,editorials,25,Gerry Stahl,7(2): Cognizing mediating: Unpacking the entanglement of artifacts with collective minds,
16,16.ijcscl.pdf,Editorial Introductions to ijCSCL,editorials,26,"G. Stahl, N. Law & F. Hesse",7(3): An international research community,"Stahl, G., Law, N., & Hesse, F. (2012). An international research community. International Journal of Computer-Supported Collaborative Learning, 7(3), 341–345, Article 16. https://doi.org/10.1007/s11412-012-9155-y "
16,16.ijcscl.pdf,Editorial Introductions to ijCSCL,editorials,27,Gerry Stahl,7(4): Traversing planes of learning,"Stahl, G. (2012). Traversing planes of learning. International Journal of Computer-Supported Collaborative Learning, 7(4), 467–473, Article 16. https://doi.org/10.1007/s11412-012-9159-7 "
16,16.ijcscl.pdf,Editorial Introductions to ijCSCL,editorials,28,Gerry Stahl,8(1): Learning across levels,"Stahl, G. (2013). Learning across levels. International Journal of Computer-Supported Collaborative Learning, 8(1), 1–12, Article 16. https://doi.org/10.1007/s11412-013-9169-0 "
16,16.ijcscl.pdf,Editorial Introductions to ijCSCL,editorials,29,Gerry Stahl,8(2): Transactive discourse in CSCL,"Stahl, G. (2013). Transactive discourse in CSCL. International Journal of Computer-Supported Collaborative Learning, 8(2), 145–147, Article 16. https://doi.org/10.1007/s11412-013-9171-6 "
16,16.ijcscl.pdf,Editorial Introductions to ijCSCL,editorials,30,"G. Stahl, N. Law & F. Hesse",8(3): Collaborative learning at CSCL 2013,"Stahl, G., Law, N., & Hesse, F. (2013). Collaborative Learning at CSCL 2013. International Journal of Computer-Supported Collaborative Learning, 8(3), 267–269, Article 16. https://doi.org/10.1007/s11412-013-9179-y "
16,16.ijcscl.pdf,Editorial Introductions to ijCSCL,editorials,31,"G. Stahl, N. Law & F. Hesse",8(4): Reigniting CSCL flash themes,"Stahl, G., Law, N., & Hesse, F. (2013). Reigniting CSCL flash themes. International Journal of Computer-Supported Collaborative Learning, 8(4), 369–374, Article 16. https://doi.org/10.1007/s11412-013-9185-0 "
16,16.ijcscl.pdf,Editorial Introductions to ijCSCL,editorials,32,"Stahl, G., Cress, U., Law, N., & Ludvigsen, S.",9(1): Analyzing the multidimensional construction of knowledge in diverse contexts,"Stahl, G., Cress, U., Law, N., & Ludvigsen, S. (2014). Analyzing the multidimensional construction of knowledge in diverse contexts. International Journal of Computer-Supported Collaborative Learning, 9(1), 1–6, Article 16. https://doi.org/10.1007/s11412-014-9189-4 "
16,16.ijcscl.pdf,Editorial Introductions to ijCSCL,editorials,33,"Stahl, G., Cress, U., Ludvigsen, S., & Law, N. ",9(2): Dialogic foundations of CSCL,"Stahl, G., Cress, U., Ludvigsen, S., & Law, N. (2014). Dialogic foundations of CSCL. International Journal of Computer-Supported Collaborative Learning, 9(2), 117–125, Article 16. https://doi.org/10.1007/s11412-014-9194-7 "
16,16.ijcscl.pdf,Editorial Introductions to ijCSCL,editorials,34,"Stahl, G., Ludvigsen, S., Law, N., & Cress, U.",9(3): CSCL artifacts,"Stahl, G., Ludvigsen, S., Law, N., & Cress, U. (2014). CSCL artifacts. International Journal of Computer-Supported Collaborative Learning, 9(3), 237–245, Article 16. https://doi.org/10.1007/s11412-014-9200-0 "
16,16.ijcscl.pdf,Editorial Introductions to ijCSCL,editorials,35,"Stahl, G., Law, N., Cress, U., & Ludvigsen, S.",9(4): Analyzing roles of individuals in small-group collaboration processes,"Stahl, G., Law, N., Cress, U., & Ludvigsen, S. (2014). Analyzing roles of individuals in small-group collaboration processes. International Journal of Computer-Supported Collaborative Learning, 9(4), 365–370, Article 16. https://doi.org/10.1007/s11412-014-9204-9 "
16,16.ijcscl.pdf,Editorial Introductions to ijCSCL,editorials,36,"Ludvigsen, S., Stahl, G., Law, N., & Cress, U.",10(1): From the editors: Collaboration and the formation of new knowledge artifacts,"Ludvigsen, S., Stahl, G., Law, N., & Cress, U. (2015). From the editors: Collaboration and the formation of new knowledge artifacts. International Journal of Computer-Supported Collaborative Learning, 10(1), 1–6, Article 16. https://doi.org/10.1007/s11412-015-9211-5 "
16,16.ijcscl.pdf,Editorial Introductions to ijCSCL,editorials,37,"Cress, U., Stahl, G., Ludvigsen, S., & Law, N.","10(2): The core features of CSCL: Social situation, collaborative knowledge processes and their design","Cress, U., Stahl, G., Ludvigsen, S., & Law, N. (2015). The core features of CSCL: Social situation, collaborative knowledge processes and their design. International Journal of Computer-Supported Collaborative Learning, 10(2), 109–116, Article 16. https://doi.org/10.1007/s11412-015-9214-2 "
16,16.ijcscl.pdf,Editorial Introductions to ijCSCL,editorials,38,Gerry Stahl,10(3): Conceptualizing the intersubjective group,
16,16.ijcscl.pdf,Editorial Introductions to ijCSCL,editorials,39,Gerry Stahl,10(4): A decade of CSCL,"Stahl, G. (2015). A decade of CSCL. International Journal of Computer-Supported Collaborative Learning, 10(4), 337–344, Article 16. https://doi.org/10.1007/s11412-015-9222-2 "
17,17.proposals.pdf,Proposals for Research,proposals,0,Gerry Stahl,,"Stahl, G. (2010). Proposals for Research. Philadelphia, PA: Gerry Stahl at Lulu. "
17,17.proposals.pdf,Proposals for Research,proposals,1,Gerry Stahl,Restoration of the Founding Homestead of Chatham,
17,17.proposals.pdf,Proposals for Research,proposals,2,Gerry Stahl,Frost Fish Creek Salt Marsh Preservation,
17,17.proposals.pdf,Proposals for Research,proposals,3,Gerry Stahl,Frost Fish Creek Restoration Project Application to DER Priority Projects,
17,17.proposals.pdf,Proposals for Research,proposals,4,Gerry Stahl,DR K-12: Computer-Supported Math Discourse Among Teachers and Students,
17,17.proposals.pdf,Proposals for Research,proposals,5,Gerry Stahl,ONR: Theories and Models of Group Cognition,
17,17.proposals.pdf,Proposals for Research,proposals,6,Gerry Stahl,ALT: Dynamic Support for Virtual Math Teams,
17,17.proposals.pdf,Proposals for Research,proposals,7,Gerry Stahl,SLC: Engaged Learning in Online Communities,
17,17.proposals.pdf,Proposals for Research,proposals,8,Gerry Stahl,ITR: Catalyzing & Nurturing Online Workgroups to Power Virtual Learning Communities,
17,17.proposals.pdf,Proposals for Research,proposals,9,Gerry Stahl,NSDL: Collaboration Services for the Math Forum Digital Library,
17,17.proposals.pdf,Proposals for Research,proposals,10,Gerry Stahl,Foundations: Educational Online Communities for At-Risk Youth,
17,17.proposals.pdf,Proposals for Research,proposals,11,Gerry Stahl,New Media to Support Collaborative Knowledge Building: Beyond Consumption and Chat,
17,17.proposals.pdf,Proposals for Research,proposals,12,Gerry Stahl,Interoperability among Knowledge-Building Environments,
17,17.proposals.pdf,Proposals for Research,proposals,13,Gerry Stahl,Conceptual Frameworks and Computational Support for Organizational Memories and Organizational Learning,
17,17.proposals.pdf,Proposals for Research,proposals,14,Gerry Stahl,Allowing Learners to be Articulate: Incorporating Automated Text Evaluation into Collaborative Software Environments,
17,17.proposals.pdf,Proposals for Research,proposals,15,Gerry Stahl,Collaborative Research on KnowledgeBuilding Environments: Growing a National and International Research Community for Distance Learning Information Technology,
17,17.proposals.pdf,Proposals for Research,proposals,16,Gerry Stahl,Models for Organizing Collaboration: Ways of Supporting Distributed Learning,
17,17.proposals.pdf,Proposals for Research,proposals,17,Gerry Stahl,POW! (Perspectives On the Web),
17,17.proposals.pdf,Proposals for Research,proposals,18,Gerry Stahl,The Research CyberStudio: Supporting Researchers as LifeLong Learners,
18,18.overview.pdf,Overview and Autobiographical Essays,chapters,0,Gerry Stahl,,"Stahl, G. (2015). Overview and Autobiographical Essays (G. Stahl, Ed.). Philadelphia, PA: Gerry Stahl at Lulu. "
18,18.overview.pdf,Overview and Autobiographical Essays,chapters,1,Gerry Stahl,Part I: Introduction to My Life and Writings,
18,18.overview.pdf,Overview and Autobiographical Essays,chapters,2,Gerry Stahl,Intro to My Life,
18,18.overview.pdf,Overview and Autobiographical Essays,chapters,3,Gerry Stahl,Intro to My Research & Writings,
18,18.overview.pdf,Overview and Autobiographical Essays,chapters,4,Gerry Stahl,Catch.Up.Me (2009),"Stahl, G. (2009). Catch.up.me. http://GerryStahl.net/personal/catch.up.me.html"
18,18.overview.pdf,Overview and Autobiographical Essays,chapters,5,Gerry Stahl,Union Organizing at Temple (1975-1977),
18,18.overview.pdf,Overview and Autobiographical Essays,chapters,6,Gerry Stahl,Community Development in Philadelphia (1978-1985),
18,18.overview.pdf,Overview and Autobiographical Essays,chapters,7,Gerry Stahl,Rehabbing My First House (1980-1989),
18,18.overview.pdf,Overview and Autobiographical Essays,chapters,8,Gerry Stahl,A Career in Informatics (2009),"Stahl, G. (2009). A Career in Informatics. http://GerryStahl.net/personal/career.html"
18,18.overview.pdf,Overview and Autobiographical Essays,chapters,9,Gerry Stahl,Retirement Activities in Chatham (2014-2021),"Stahl, A. M., & Stahl, G. (2020). Historic Coin Finds at the Nickerson Homestead. Cape Cod Chronicle, Article 18. "
18,18.overview.pdf,Overview and Autobiographical Essays,chapters,10,Gerry Stahl,My Timeline,"Lawless, D. (2020). Computer pioneer finds his passion in sculpture: Profile of Gerry Stahl. Cape Cod Chronicle, 2, Article 18. "
18,18.overview.pdf,Overview and Autobiographical Essays,chapters,11,Gerry Stahl,Homes Where I Have Lived,
18,18.overview.pdf,Overview and Autobiographical Essays,chapters,12,Gerry Stahl,Travels Abroad,
18,18.overview.pdf,Overview and Autobiographical Essays,chapters,13,Gerry Stahl,Academic Conferences and Presentations,
18,18.overview.pdf,Overview and Autobiographical Essays,chapters,14,Gerry Stahl,E-Library Volumes,
18,18.overview.pdf,Overview and Autobiographical Essays,chapters,15,Gerry Stahl,Chronological Listing of Essays with Volume and Chapter,
18,18.overview.pdf,Overview and Autobiographical Essays,chapters,16,Gerry Stahl,Summaries of the Volumes,
18,18.overview.pdf,Overview and Autobiographical Essays,chapters,17,Gerry Stahl,Reflections on the Volumes,
18,18.overview.pdf,Overview and Autobiographical Essays,chapters,18,Gerry Stahl,Part V. Detailed CV,
19,19.investigations.pdf,Theoretical Investigations: Philosophical Foundations of Group Cognition,investigations,0,Gerry Stahl,,"Stahl, G. (2021). Theoretical Investigations: Philosophical Foundations of Group Cognition. New York, NY: Springer. https://doi.org/10.1007/978-3-030-49157-4 "
19,19.investigations.pdf,Theoretical Investigations: Philosophical Foundations of Group Cognition,investigations,1,Gerry Stahl,Forward,
19,19.investigations.pdf,Theoretical Investigations: Philosophical Foundations of Group Cognition,investigations,2,Gerry Stahl,Introducing Theoretical Investigations,
19,19.investigations.pdf,Theoretical Investigations: Philosophical Foundations of Group Cognition,investigations,3,Gerry Stahl,Investigation 1. Advancing a CSCL Vision,
19,19.investigations.pdf,Theoretical Investigations: Philosophical Foundations of Group Cognition,investigations,4,Gerry Stahl,Investigation 2. A Theory of Group Cognition in CSCL,
19,19.investigations.pdf,Theoretical Investigations: Philosophical Foundations of Group Cognition,investigations,5,Gerry Stahl,Investigation 15. A Paradigmatic Unit of Analysis,"Stahl, G. (2021). Investigation 15. A Paradigmatic Unit of Analysis. In G. Stahl (Ed.), Theoretical Investigations: Philosophical Foundations of Group Cognition (pp. 357–377). New York, NY: Springer. https://doi.org/https://doi.org/10.1007/978-3-030-49157-4_15 "
19,19.investigations.pdf,Theoretical Investigations: Philosophical Foundations of Group Cognition,investigations,6,Gerry Stahl,Investigation 16. Adopting Group Practices,"Stahl, G. (2021). Investigation 16. Adopting Group Practices. In G. Stahl (Ed.), Theoretical Investigations: Philosophical Foundations of Group Cognition (pp. 379–395). New York, NY: Springer. https://doi.org/https://doi.org/10.1007/978-3-030-49157-4_16 "
19,19.investigations.pdf,Theoretical Investigations: Philosophical Foundations of Group Cognition,investigations,7,"Stahl, G., Zhou, N., Çakir, M. P., & Sarmiento-Klapper, J. W.",Investigation 17. Co-experiencing a Shared World,"Stahl, G., Zhou, N., Çakir, M. P., & Sarmiento-Klapper, J. W. (2021). Investigation 17. Co-experiencing a Shared World. In G. Stahl (Ed.), Theoretical Investigations: Philosophical Foundations of Group Cognition. New York, NY: Springer. https://doi.org/https://doi.org/10.1007/978-3-030-49157-4_17 "
19,19.investigations.pdf,Theoretical Investigations: Philosophical Foundations of Group Cognition,investigations,8,Gerry Stahl,Investigation 18. From Intersubjectivity to Group Cognition,"Stahl, G. (2021). Investigation 18. From Intersubjectivity to Group Cognition In G. Stahl (Ed.), Theoretical Investigations: Philosophical Foundations of Group Cognition (pp. 417–438). New York, NY: Springer. https://doi.org/https://doi.org/10.1007/978-3-030-49157-4_18 "
19,19.investigations.pdf,Theoretical Investigations: Philosophical Foundations of Group Cognition,investigations,9,Gerry Stahl,Investigation 19. The Constitution of Group Cognition,"Stahl, G. (2021). Investigation 19. The Constitution of Group Cognition In G. Stahl (Ed.), Theoretical Investigations: Philosophical Foundations of Group Cognition (pp. 439–449). New York, NY: Springer. https://doi.org/https://doi.org/10.1007/978-3-030-49157-4_19 "
19,19.investigations.pdf,Theoretical Investigations: Philosophical Foundations of Group Cognition,investigations,10,Gerry Stahl,Investigation 20. Theories of Shared Understanding,"Stahl, G. (2021). Investigation 20. Theories of Shared Understanding In G. Stahl (Ed.), Theoretical Investigations: Philosophical Foundations of Group Cognition (pp. 451–464). New York, NY: Springer. https://doi.org/https://doi.org/10.1007/978-3-030-49157-4_20 "
19,19.investigations.pdf,Theoretical Investigations: Philosophical Foundations of Group Cognition,investigations,11,Gerry Stahl,Investigation 21. Academically Productive Interaction,"Stahl, G. (2021). Investigation 21. Academically Productive Interaction In G. Stahl (Ed.), Theoretical Investigations: Philosophical Foundations of Group Cognition (pp. 465–477). New York, NY: Springer. https://doi.org/https://doi.org/10.1007/978-3-030-49157-4_21 "
19,19.investigations.pdf,Theoretical Investigations: Philosophical Foundations of Group Cognition,investigations,12,Gerry Stahl,Investigation 22. Supporting Group Cognition with a Cognitive Tool,"Stahl, G. (2021). Investigation 22. Supporting Group Cognition with a Cognitive Tool. In G. Stahl (Ed.), Theoretical Investigations: Philosophical Foundations of Group Cognition (pp. 479–492). New York, NY: Springer. https://doi.org/https://doi.org/10.1007/978-3-030-49157-4_22 "
19,19.investigations.pdf,Theoretical Investigations: Philosophical Foundations of Group Cognition,investigations,13,Gerry Stahl,Investigation 23. Sustaining Interaction in a CSCL Environment,"Stahl, G. (2021). Investigation 23. Sustaining Interaction in a CSCL Environment. In G. Stahl (Ed.), Theoretical Investigations: Philosophical Foundations of Group Cognition (pp. 493–515). New York, NY: Springer. https://doi.org/https://doi.org/10.1007/978-3-030-49157-4_23 "
19,19.investigations.pdf,Theoretical Investigations: Philosophical Foundations of Group Cognition,investigations,14,Gerry Stahl,Investigation 24. Viewing Learning and Thinking in Groups,"Stahl, G. (2021). Investigation 24. Viewing Learning and Thinking in Groups. In G. Stahl (Ed.), Theoretical Investigations: Philosophical Foundations of Group Cognition (pp. 517–540). New York, NY: Springer. https://doi.org/https://doi.org/10.1007/978-3-030-49157-4_24 "
19,19.investigations.pdf,Theoretical Investigations: Philosophical Foundations of Group Cognition,investigations,15,Gerry Stahl,Investigation 25. Structuring Problem Solving,"Stahl, G. (2021). Investigation 25. Structuring Problem-Solving. In G. Stahl (Ed.), Theoretical Investigations: Philosophical Foundations of Group Cognition (pp. 541–567). New York, NY: Springer. https://doi.org/https://doi.org/10.1007/978-3-030-49157-4_25 "
2,2.tacit.pdf,Tacit and Explicit Understanding in Computer Support,sections,0,Gerry Stahl,,"Stahl, G. (2010). Tacit and Explicit Understanding in Computer Support. Philadelphia, PA: Gerry Stahl at Lulu. "
2,2.tacit.pdf,Tacit and Explicit Understanding in Computer Support,sections,1,Gerry Stahl,INTRODUCTION,
2,2.tacit.pdf,Tacit and Explicit Understanding in Computer Support,sections,2,Gerry Stahl,CHAPTER 1. OVERVIEW,
2,2.tacit.pdf,Tacit and Explicit Understanding in Computer Support,sections,3,Gerry Stahl,Part I. Interpretation in Design,"Stahl, G. (1993). Interpretation in Design: The Problem of Tacit and Explicit Understanding in Computer Support of Cooperative Design [Ph.D. Dissertation, University of Colorado]. Boulder, CO. http://GerryStahl.net/elibrary/tacit"
2,2.tacit.pdf,Tacit and Explicit Understanding in Computer Support,sections,4,Gerry Stahl,CHAPTER 2. THREE METHODOLOGIES OF DESIGN,
2,2.tacit.pdf,Tacit and Explicit Understanding in Computer Support,sections,5,Gerry Stahl,CHAPTER 3. INTERPRETATION IN LUNAR HABITAT DESIGN,
2,2.tacit.pdf,Tacit and Explicit Understanding in Computer Support,sections,6,Gerry Stahl,CHAPTER 4. HEIDEGGER’S PHILOSOPHY OF INTERPRETATION,
2,2.tacit.pdf,Tacit and Explicit Understanding in Computer Support,sections,7,Gerry Stahl,CHAPTER 5. GROUNDING EXPLICIT DESIGN KNOWLEDGE,
2,2.tacit.pdf,Tacit and Explicit Understanding in Computer Support,sections,8,Gerry Stahl,CHAPTER 6. A THEORY OF COMPUTER SUPPORT,
2,2.tacit.pdf,Tacit and Explicit Understanding in Computer Support,sections,9,Gerry Stahl,CHAPTER 7. RELATED COMPUTER SYSTEMS FOR DESIGN,
2,2.tacit.pdf,Tacit and Explicit Understanding in Computer Support,sections,10,Gerry Stahl,Part III. Computer Support of Cooperative Design,
2,2.tacit.pdf,Tacit and Explicit Understanding in Computer Support,sections,11,Gerry Stahl,CHAPTER 8. REPRESENTING THE DESIGN SITUATION,
2,2.tacit.pdf,Tacit and Explicit Understanding in Computer Support,sections,12,Gerry Stahl,CHAPTER 9. INTERPRETIVE PERSPECTIVES FOR COLLABORATION,
2,2.tacit.pdf,Tacit and Explicit Understanding in Computer Support,sections,13,Gerry Stahl,CHAPTER 10. A LANGUAGE FOR SUPPORTING INTERPRETATION,
2,2.tacit.pdf,Tacit and Explicit Understanding in Computer Support,sections,14,Gerry Stahl,CHAPTER 11. CONTRIBUTIONS,
2,2.tacit.pdf,Tacit and Explicit Understanding in Computer Support,sections,15,Gerry Stahl,APPENDIX,
20,20.form.pdf,Works of 3-D Form,chapters,0,Gerry Stahl,,"Stahl, G. (2018). Works of 3-D Form. Philadelphia, PA: Gerry Stahl at Lulu. "
20,20.form.pdf,Works of 3-D Form,chapters,1,Gerry Stahl,Sculpture: 3-D Form from Wood,
20,20.form.pdf,Works of 3-D Form,chapters,2,Gerry Stahl,Ceramics: 3-D Form from Clay,
20,20.form.pdf,Works of 3-D Form,chapters,3,Gerry Stahl,Architecture: 3-D Form for Living,
20,20.form.pdf,Works of 3-D Form,chapters,4,Gerry Stahl,Reflections: Philosophy of 3-D Form,
20,20.form.pdf,Works of 3-D Form,chapters,5,Gerry Stahl,Space: Opening Up 3-D Form,
20,20.form.pdf,Works of 3-D Form,chapters,6,Gerry Stahl,Practice: Sculpting 3-D Form in Wood,
20,20.form.pdf,Works of 3-D Form,chapters,7,Gerry Stahl,Catalog: Chronology of Works in 3-D Form,
21,21.game.pdf,Dynamic Geometry Game for Pods,sections,0,Gerry Stahl,,"Stahl, G. (2020). Dynamic Geometry Game for Pods. Chatham, MA: Gerry Stahl at Lulu. "
21,21.game.pdf,Dynamic Geometry Game for Pods,sections,1,Gerry Stahl,Welcome,
21,21.game.pdf,Dynamic Geometry Game for Pods,sections,2,Gerry Stahl,Intro for Adventurous Students,
21,21.game.pdf,Dynamic Geometry Game for Pods,sections,3,Gerry Stahl,Intro for Parents and Teachers,
21,21.game.pdf,Dynamic Geometry Game for Pods,sections,4,Gerry Stahl,Game Part A,
21,21.game.pdf,Dynamic Geometry Game for Pods,sections,5,Gerry Stahl,Game Part B,
21,21.game.pdf,Dynamic Geometry Game for Pods,sections,6,Gerry Stahl,Game Part C,
21,21.game.pdf,Dynamic Geometry Game for Pods,sections,7,Gerry Stahl,Game Part D,
21,21.game.pdf,Dynamic Geometry Game for Pods,sections,8,Gerry Stahl,Game Part E,
21,21.game.pdf,Dynamic Geometry Game for Pods,sections,9,Gerry Stahl,Extra Bonus Dynamic Geometry,
21,21.game.pdf,Dynamic Geometry Game for Pods,sections,10,Gerry Stahl,Redesigning Mathematical Curriculum for Blended Learning,"Stahl, G. (2021). Redesigning Mathematical Curriculum for Blended Learning. In G. Stahl (Ed.), Dynamic Geometry Game for Pods (Vol. 21). Chatham, MA: Gerry Stahl at Lulu. "
21,21.game.pdf,Dynamic Geometry Game for Pods,sections,11,Gerry Stahl,Mathematical Group Cognition in the Anthropocene,"Stahl, G. (2024). Mathematical group cognition in the Anthropocene. In G. Stahl (Ed.), Dynamic Geometry Game for Pods. Chatham, MA: Gerry Stahl at Lulu. "
22,22.climate.pdf,Studying Climate Locally: The Future of Chatham’s Marshes,chapters,0,Gerry Stahl,,"Stahl, G. (2026). Studying Climate Locally: The Future of Chatham's Marshes. Chatham, MA: Gerry Stahl at Lulu. "
22,22.climate.pdf,Studying Climate Locally: The Future of Chatham’s Marshes,chapters,1,Gerry Stahl,Introduction: Studying Climate Locally,
22,22.climate.pdf,Studying Climate Locally: The Future of Chatham’s Marshes,chapters,2,Gerry Stahl,Climate Change and the Marshes of  South and West Chatham,"Stahl, G. (2025). Report on Salt Marshes (ECAC report to the Chatham Select Board). In G. Stahl (Ed.), Studying Climate Locally: The Future of Chatham’s Marshes (pp. 11–34). Chatham, MA: Gerry Stahl at Lulu. "
22,22.climate.pdf,Studying Climate Locally: The Future of Chatham’s Marshes,chapters,3,Gerry Stahl,Views of Chatham Neighborhoods,
22,22.climate.pdf,Studying Climate Locally: The Future of Chatham’s Marshes,chapters,4,Gerry Stahl,Frost Fish Creek: A Salt Marsh of Chatham,"Stahl, G. (2021). Frost Fish Creek: A Salt Marsh of Chatham,  Chatham Conservation Foundation Bulletin for Spring 2021. In G. Stahl (Ed.), Studying Climate Locally: The Future of Chatham’s Marshes (pp. 51–52). Chatham, MA: Gerry Stahl at Lulu. "
22,22.climate.pdf,Studying Climate Locally: The Future of Chatham’s Marshes,chapters,5,Gerry Stahl,The Wonder of Chatham’s Salt Marshes,"Stahl, G. (2021t). The Wonder of Chatham’s Salt Marshes, Chatham Conservation Foundation Bulletin for Fall 2021. In G. Stahl (Ed.), Studying Climate Locally: The Future of Chatham’s Marshes (pp. 53–58). Chatham, MA: Gerry Stahl at Lulu. "
22,22.climate.pdf,Studying Climate Locally: The Future of Chatham’s Marshes,chapters,6,Gerry Stahl,Hydrology Study of Frost Fish Creek,"Stahl, G. (2020). Hydrology Study for Frost Fish Creek: Community Preservation Committee proposal 2020. In G. Stahl (Ed.), Studying Climate Locally: The Future of Chatham’s Marshes (pp. 59–70). Chatham, MA: Gerry Stahl at Lulu. "
22,22.climate.pdf,Studying Climate Locally: The Future of Chatham’s Marshes,chapters,7,Gerry Stahl,Priority Project for Frost Fish Creek,"Stahl, G. (2021). Priority Project for Frost Fish Creek: DER restoration priority project proposal 2021. In G. Stahl (Ed.), Studying Climate Locally: The Future of Chatham’s Marshes (pp. 71–87). Chatham, MA: Gerry Stahl at Lulu. "
22,22.climate.pdf,Studying Climate Locally: The Future of Chatham’s Marshes,chapters,8,Gerry Stahl,Videos of Frost Fish Creek & Cockle Cove,"Stahl, G. (2021). Video of Bucks Creek and Cockle Cove: Transcript. In G. Stahl (Ed.), Studying Climate Locally: The Future of Chatham’s Marshes (pp. 88–95). Chatham, MA: Gerry Stahl at Lulu. "
22,22.climate.pdf,Studying Climate Locally: The Future of Chatham’s Marshes,chapters,9,Gerry Stahl,Early Study of Bucks Creek / Cockle Cove,
22,22.climate.pdf,Studying Climate Locally: The Future of Chatham’s Marshes,chapters,10,Gerry Stahl,Study of Four Marshes,"Stahl, G. (2022). Study of Four Marshes:  Community Preservation Committee proposal 2022. In G. Stahl (Ed.), Studying Climate Locally: The Future of Chatham’s Marshes (pp. 101–113). Chatham, MA: Gerry Stahl at Lulu. "
22,22.climate.pdf,Studying Climate Locally: The Future of Chatham’s Marshes,chapters,11,Gerry Stahl,Study of Nine Marshes,"Stahl, G. (2024). Study of Nine Marshes:  Community Preservation Committee proposal 2024. In G. Stahl (Ed.), Studying Climate Locally: The Future of Chatham’s Marshes (pp. 114–122). Chatham, MA: Gerry Stahl at Lulu. "
22,22.climate.pdf,Studying Climate Locally: The Future of Chatham’s Marshes,chapters,12,Gerry Stahl,For Further Information,
3,3.gc.pdf,Group Cognition: Computer Support for Building Collaborative Knowledge,papers,0,Gerry Stahl,,"Stahl, G. (2006). Group Cognition: Computer Support for Building Collaborative Knowledge. Cambridge, MA: MIT Press. https://doi.org/http://mitpress.mit.edu/books/group-cognition "
3,3.gc.pdf,Group Cognition: Computer Support for Building Collaborative Knowledge,papers,1,Gerry Stahl,"Essays on Technology, Interaction and Cognition",
3,3.gc.pdf,Group Cognition: Computer Support for Building Collaborative Knowledge,papers,2,Gerry Stahl,Introduction to Part I: Studies of Technology Design,
3,3.gc.pdf,Group Cognition: Computer Support for Building Collaborative Knowledge,papers,3,"Stahl, G., Sumner, T., & Owen, R.","Share Globally, Adapt Locally","Stahl, G., Sumner, T., & Owen, R. (1995). Share globally, adapt locally: Software to create and distribute student-centered curriculum. Computers and Education. Special Issue on Education and the Internet, 24(3), 237–246, Article 3. "
3,3.gc.pdf,Group Cognition: Computer Support for Building Collaborative Knowledge,papers,4,Gerry Stahl,Evolving a Learning Environment,
3,3.gc.pdf,Group Cognition: Computer Support for Building Collaborative Knowledge,papers,5,Gerry Stahl,Armchair Missions to Mars,"Stahl, G. (1996). Armchair missions to Mars: Using case-based reasoning and fuzzy logic to simulate a time series model of astronaut crews. Knowledge-Based Systems, 9, 409–415, Article 3. "
3,3.gc.pdf,Group Cognition: Computer Support for Building Collaborative Knowledge,papers,6,Gerry Stahl,Supporting Situated Interpretation,"Stahl, G. (1993). Supporting situated interpretation. Annual Meeting of the Cognitive Science Society (CogSci '93), Boulder, CO."
3,3.gc.pdf,Group Cognition: Computer Support for Building Collaborative Knowledge,papers,7,Gerry Stahl,Collaboration Technology for Communities,"Stahl, G. (1998). Collaborative information environments for innovative communities of practice. German Computer-Supported Cooperative Work Conference (D-CSCW '98): Groupware und organizatorische Innovation, Dortmund, Germany."
3,3.gc.pdf,Group Cognition: Computer Support for Building Collaborative Knowledge,papers,8,Gerry Stahl,Perspectives on Collaborative Learning,"Stahl, G. (2001). WebGuide: Guiding collaborative learning on the Web with perspectives. Journal of Interactive Media in Education, 2001(1), Article 3. "
3,3.gc.pdf,Group Cognition: Computer Support for Building Collaborative Knowledge,papers,9,Gerry Stahl,Groupware Goes to School,"Stahl, G. (2004). Groupware goes to school: Adapting BSCW to the classroom. International Journal of Computer Applications Technology (IJCAT), 19 ""Current approaches for groupware design, implementation and evaluation""(3/4), 162–174, Article 3. "
3,3.gc.pdf,Group Cognition: Computer Support for Building Collaborative Knowledge,papers,10,Gerry Stahl,Knowledge Negotiation Online,"Stahl, G. (2003). Knowledge negotiation in asynchronous learning networks. Hawai'i International Conference on System Sciences (HICSS '03), Hawaii, HA."
3,3.gc.pdf,Group Cognition: Computer Support for Building Collaborative Knowledge,papers,11,Gerry Stahl,Introduction to Part II: Studies of Interaction Analysis,
3,3.gc.pdf,Group Cognition: Computer Support for Building Collaborative Knowledge,papers,12,Gerry Stahl,A Model of Collaborative Knowledge Building,"Stahl, G. (2000). A model of collaborative knowledge-building. Fourth International Conference of the Learning Sciences (ICLS '00), Ann Arbor, MI."
3,3.gc.pdf,Group Cognition: Computer Support for Building Collaborative Knowledge,papers,13,Gerry Stahl,Rediscovering the Collaboration,"Stahl, G. (2002). Rediscovering CSCL. In T. Koschmann, R. Hall, & N. Miyake (Eds.), CSCL 2: Carrying Forward the Conversation (pp. 169–181). Hillsdale, NJ: Lawrence Erlbaum Associates. "
3,3.gc.pdf,Group Cognition: Computer Support for Building Collaborative Knowledge,papers,14,Gerry Stahl,Contributions to a Theory of Collaboration,"Stahl, G. (2002). Contributions to a theoretical framework for CSCL. Computer support for collaborative learning: Foundations for a CSCL community. Proceedings of CSCL 2002, Boulder, CO."
3,3.gc.pdf,Group Cognition: Computer Support for Building Collaborative Knowledge,papers,15,Gerry Stahl,In a Moment of Collaboration,"Stahl, G. (2002). Understanding educational computational artifacts across community boundaries. International Society for Cultural Research and Activity Theory (ISCRAT '02), Amsterdam, NL."
3,3.gc.pdf,Group Cognition: Computer Support for Building Collaborative Knowledge,papers,16,Gerry Stahl,Collaborating with Relational References,"Stahl, G. (2004). Collaborating with Relational References [contribution to the workshop on Representational Support for Knowledge Building Discourse]. Annual Meeting of the American Educational Research Association (AERA 04), San Diego, CA."
3,3.gc.pdf,Group Cognition: Computer Support for Building Collaborative Knowledge,papers,17,Gerry Stahl,Introduction to Part III: Studies of Collaboration Theory,
3,3.gc.pdf,Group Cognition: Computer Support for Building Collaborative Knowledge,papers,18,G. Stahl & A. Carell,Communicating with Technology,"Stahl, G., & Carell, A. (2004). Kommunikationskonzepte [The role of communication concepts for CSCL pedagogy] (A. Carell, Trans.). In J. Haake, G. Schwabe, & M. Wessner (Eds.), CSCL-Kompendium (pp. 229–237). Frankfurt, Germany: Oldenburg. "
3,3.gc.pdf,Group Cognition: Computer Support for Building Collaborative Knowledge,papers,19,Gerry Stahl,Building Collaborative Knowing,"Stahl, G. (2004). Building collaborative knowing: Elements of a social theory of CSCL. In J.-W. Strijbos, P. Kirschner, & R. Martens (Eds.), What We Know about CSCL: And Implementing it in Higher Education (pp. 53–86). Boston, MA: Kluwer Academic Publishers. "
3,3.gc.pdf,Group Cognition: Computer Support for Building Collaborative Knowledge,papers,20,Gerry Stahl,Group Meaning / Individual Interpretation,"Stahl, G. (2003). Meaning and interpretation in collaboration. Designing for Change in Networked Learning Environments: Proceedings of the International Conference on Computer Support for Collaborative Learning (CSCL '03), Bergen, Norway."
3,3.gc.pdf,Group Cognition: Computer Support for Building Collaborative Knowledge,papers,21,Gerry Stahl,"Shared Meaning, Common Ground, Group Cognition","Stahl, G. (2003). Can shared knowledge exceed the sum of its parts? In R. V. J. DeRidder (Ed.), Knowledge Sharing Under Distributed Circumstances (pp. 85–88). Amsterdam, Netherlands: NWO-MES. "
3,3.gc.pdf,Group Cognition: Computer Support for Building Collaborative Knowledge,papers,22,"T. Koschmann, G. Stahl & A. Zemel",Making Group Cognition Visible,"Koschmann, T., Stahl, G., & Zemel, A. (2007). The Video Analyst's Manifesto (or The Implications of Garfinkel's Policies for the Development of a Program of Video Analytic Research within the Learning Sciences). In R. Goldman, R. Pea, B. Barron, & S. Derry (Eds.), Video Research in the Learning Sciences (pp. 133–144). Mahway, NJ: Lawrence Erlbaum Associates. "
3,3.gc.pdf,Group Cognition: Computer Support for Building Collaborative Knowledge,papers,23,Gerry Stahl,Can Collaborative Groups Think?,"Stahl, G. (2005). Group cognition: The collaborative locus of agency in CSCL. international conference on Computer Support for Collaborative Learning (CSCL '05), Taipei, Taiwan."
3,3.gc.pdf,Group Cognition: Computer Support for Building Collaborative Knowledge,papers,24,Gerry Stahl,Opening New Worlds for Collaboration,"Stahl, G. (2003). Keynote: The future of computer support for learning: An American/German DeLFIc vision. First Conference on e-Learning of the German Computer Science Society (DeLFI 2003), Munich, Germany."
3,3.gc.pdf,Group Cognition: Computer Support for Building Collaborative Knowledge,papers,25,Gerry Stahl,Thinking at the SmallGroup Unit of Analysis,"Stahl, G. (2004). Thinking at the group unit of analysis. CSCL SIG Symposium of the European Union Kaleidoscope Network of Excellence (KAL '04), Lausanne, Switzerland."
4,4.svmt.pdf,Studying Virtual Math Teams,papers,0,Gerry Stahl,,"Stahl, G. (2009). Studying Virtual Math Teams. New York, NY: Springer. https://doi.org/http://dx.doi.org/10.1007/978-1-4419-0228-3 "
4,4.svmt.pdf,Studying Virtual Math Teams,papers,1,Gerry Stahl,Introduction to Part I: Introducing Group Cognition in Virtual Math Teams,
4,4.svmt.pdf,Studying Virtual Math Teams,papers,2,Gerry Stahl,A Chat about Chat,"Stahl, G. (2008). Chat on Collaborative Knowledge Building. QWERTY, 3(1), 67–78, Article 4. "
4,4.svmt.pdf,Studying Virtual Math Teams,papers,3,Gerry Stahl,The VMT Vision,"Stahl, G. (2009). The VMT Vision. In G. Stahl (Ed.), Studying Virtual Math Teams (pp. 17–29). New York, NY: Springer. https://doi.org/http://dx.doi.org/10.1007/978-1-4419-0228-3_2 "
4,4.svmt.pdf,Studying Virtual Math Teams,papers,4,Gerry Stahl,Mathematical Discourse as Group Cognition,"Stahl, G. (2009). Mathematical Discourse as Group Cognition. In G. Stahl (Ed.), Studying Virtual Math Teams (pp. 31–40). New York, NY: Springer. https://doi.org/http://dx.doi.org/10.1007/978-1-4419-0228-3_3 "
4,4.svmt.pdf,Studying Virtual Math Teams,papers,5,Gerry Stahl,Interactional Methods and Social Practices in VMT,"Stahl, G. (2011). Social practices of group cognition in virtual math teams. In S. Ludvigsen, A. Lund, I. Rasmussen, & R. Säljö (Eds.), Learning across sites: New tools, infrastructures and practices (pp. 190–205). New York, NY: Routledge. "
4,4.svmt.pdf,Studying Virtual Math Teams,papers,6,Gerry Stahl,From Individual Representations to Group Cognition,"Stahl, G. (2006). Analyzing and Designing the Group Cognitive Experience. International Journal of Cooperative Information Systems (IJCIS), 15, 157–178, Article 4. https://doi.org/http://dx.doi.org/10.1142/S0218843006001323 "
4,4.svmt.pdf,Studying Virtual Math Teams,papers,7,Gerry Stahl,Introduction to Part II: Studying Group Cognition in Virtual Math Teams,
4,4.svmt.pdf,Studying Virtual Math Teams,papers,8,J. Sarmiento,The Sequential Co-construction of the Joint Problem Space,
4,4.svmt.pdf,Studying Virtual Math Teams,papers,9,M. Çakir,"The Organization of Graphical, Narrative and Symbolic Interactions",
4,4.svmt.pdf,Studying Virtual Math Teams,papers,10,N. Zhou,Question Co-Construction in VMT Chats,
4,4.svmt.pdf,Studying Virtual Math Teams,papers,11,R. Toledo,Resolving Differences of Perspective in a VMT Session,
4,4.svmt.pdf,Studying Virtual Math Teams,papers,12,Gerry Stahl,Introduction to Part III: Studying Group Discourse in Virtual Math Teams,
4,4.svmt.pdf,Studying Virtual Math Teams,papers,13,"R. Medina, D. Suthers & R. Vatrapu",Representational practices in VMT,
4,4.svmt.pdf,Studying Virtual Math Teams,papers,14,E. Charles & W. Shumar,Student and Team Agency in VMT,
4,4.svmt.pdf,Studying Virtual Math Teams,papers,15,J. Sarmiento,Group Creativity in VMT,
4,4.svmt.pdf,Studying Virtual Math Teams,papers,16,A. Powell & F. Lai,"Inscriptions, Mathematical Ideas and Reasoning in VMT",
4,4.svmt.pdf,Studying Virtual Math Teams,papers,17,A. Zemel & M. Çakir,Reading’s work in VMT,
4,4.svmt.pdf,Studying Virtual Math Teams,papers,18,Gerry Stahl,Introduction to Part IV: Designing the VMT Collaboration Environment,
4,4.svmt.pdf,Studying Virtual Math Teams,papers,19,M. Mühlpfordt & M. Wessner,The Integration of Dual-interaction Spaces,"Mühlpfordt, M., & Stahl, G. (2007). The Integration of Synchronous Communication across Dual Interaction Spaces. International Conference of CSCL: Of mice, minds, and society (CSCL 2007), New Brunswick, NJ."
4,4.svmt.pdf,Studying Virtual Math Teams,papers,20,Gerry Stahl,Designing a Mix of Synchronous and Asynchronous Media for VMT,"Stahl, G. (2009). Designing a Mix of Synchronous and Asynchronous Media for VMT. In G. Stahl (Ed.), Studying Virtual Math Teams (pp. 295–310). New York, NY: Springer. https://doi.org/http://dx.doi.org/10.1007/978-1-4419-0228-3_16 "
4,4.svmt.pdf,Studying Virtual Math Teams,papers,21,Gerry Stahl,Deictic Referencing in VMT,"Stahl, G. (2009). Deictic Referencing in VMT. In G. Stahl (Ed.), Studying Virtual Math Teams (pp. 311–326). New York, NY: Springer. https://doi.org/http://dx.doi.org/10.1007/978-1-4419-0228-3_17 "
4,4.svmt.pdf,Studying Virtual Math Teams,papers,22,Gerry Stahl,Scripting Group Processes in VMT,"Stahl, G. (2006). Scripting Group Cognition: The Problem of Guiding Situated Collaboration. In F. Fischer, H. Mandl, J. Haake, & I. Kollar (Eds.), Scripting Computer-Supported Collaborative Learning: Cognitive, Computational and Educational Perspectives (pp. 327–335). Dodrecht, Netherlands: Kluwer-Springer Verlag. "
4,4.svmt.pdf,Studying Virtual Math Teams,papers,23,"Y. Cui, R. Kumar, S. Chaudhuri, G. Gweon & C. Rosé",Helping Agents in VMT,
4,4.svmt.pdf,Studying Virtual Math Teams,papers,24,Gerry Stahl,Introduction to Part V: Representing Group Interaction in VMT,
4,4.svmt.pdf,Studying Virtual Math Teams,papers,25,"M. Çakir, F. Xhafa & N. Zhou",Thread-based Analysis of Patterns in VMT,
4,4.svmt.pdf,Studying Virtual Math Teams,papers,26,H. Fuks & M. Pimentel,Studying Response-Structure Confusion in VMT,
4,4.svmt.pdf,Studying Virtual Math Teams,papers,27,J. Strijbos,A Multidimensional Coding Scheme for VMT,"Strijbos, J. W., & Stahl, G. (2005). Chat-based problem solving in small groups: Developing a multi-dimensional coding scheme. Eleventh Biannual Conference of the European Association for Research in Learning and Instruction (EARLI 2005), Nicosia, Cyprus."
4,4.svmt.pdf,Studying Virtual Math Teams,papers,28,"A. Zemel, F. Xhafa & M. Çakirl",Combining Coding and Conversation Analysis of VMT Chats,"Zemel, A., Xhafa, F., & Stahl, G. (2005). Analyzing the organization of collaborative math problem-solving in online chats using statistics and conversation analysis. Groupware: Design, Implementation, and Use: 11th International Workshop, CRIWG 2005, Porto de Galinhas, Brazil."
4,4.svmt.pdf,Studying Virtual Math Teams,papers,29,S. Trausan-Matu & T. Rebedea,Polyphonic Inter-Animation of Voices in VMT,"Trausan-Matu, S., Stahl, G., & Sarmiento, J. (2008). Polyphonic Support for  Collaborative Learning. e-Service Journal, 6(1), 58–74, Article 4. "
4,4.svmt.pdf,Studying Virtual Math Teams,papers,30,J. Wee & C. Looi,A Model for Analyzing Math Knowledge Building in VMT,
4,4.svmt.pdf,Studying Virtual Math Teams,papers,32,Gerry Stahl,Introduction to Part VI: Conceptualizing Group Cognition in VMT,
4,4.svmt.pdf,Studying Virtual Math Teams,papers,33,Gerry Stahl,Meaning Making in VMT,"Stahl, G. (2009). Meaning Making in VMT. In G. Stahl (Ed.), Studying Virtual Math Teams (pp. 505–527). New York, NY: Springer. https://doi.org/http://dx.doi.org/10.1007/978-1-4419-0228-3_26 "
4,4.svmt.pdf,Studying Virtual Math Teams,papers,34,T. Epperson,Critical Ethnography in the VMT Project,
4,4.svmt.pdf,Studying Virtual Math Teams,papers,35,Gerry Stahl,Toward a Science of Group Cognition,"Stahl, G. (2009). Toward a Science of Group Cognition. In G. Stahl (Ed.), Studying Virtual Math Teams (pp. 555–579). New York, NY: Springer. https://doi.org/http://dx.doi.org/10.1007/978-1-4419-0228-3_28 "
5,5.euclid.pdf,Translating Euclid: Designing a Human-Centered Mathematics,chapters,0,Gerry Stahl,,"Stahl, G. (2013). Translating Euclid: Designing a Human-Centered Mathematics. San Rafael, CA: Morgan & Claypool Publishers. https://doi.org/http://dx.doi.org/10.2200/S00492ED1V01Y201303HCI017 "
5,5.euclid.pdf,Translating Euclid: Designing a Human-Centered Mathematics,chapters,1,Gerry Stahl,Chapter 1.  Vision: The Cognitive Potential of Collaborative Dynamic Geometry,"Stahl, G. (2012). Translating Euclid: Liberating the Cognitive Potential of Collaborative Dynamic Geometry. http://GerryStahl.net/pub/translating.pdf"
5,5.euclid.pdf,Translating Euclid: Designing a Human-Centered Mathematics,chapters,2,Gerry Stahl,Chapter 2.  History: The Origin of Geometry,
5,5.euclid.pdf,Translating Euclid: Designing a Human-Centered Mathematics,chapters,3,Gerry Stahl,Chapter 3.  Philosophy: The Obfuscation of Geometry,
5,5.euclid.pdf,Translating Euclid: Designing a Human-Centered Mathematics,chapters,4,Gerry Stahl,Chapter 4.  Mathematics: Demythologizing Geometry,
5,5.euclid.pdf,Translating Euclid: Designing a Human-Centered Mathematics,chapters,5,Gerry Stahl,Chapter 5.  Technology: Deconstructing Geometry,
5,5.euclid.pdf,Translating Euclid: Designing a Human-Centered Mathematics,chapters,6,Gerry Stahl,Chapter 6.  Collaboration: Group Geometry,
5,5.euclid.pdf,Translating Euclid: Designing a Human-Centered Mathematics,chapters,7,"T. Magee, R. M. Mascaro & G. Stahl",Chapter 7.  Research: Analyzing Geometry,"Magee, R. M., Mascaro, C. M., & Stahl, G. (2013). Designing for Group Math Discourse. International Conference of Computer-Supported Collaborative Learning (CSCL 2013), Madison, WI."
5,5.euclid.pdf,Translating Euclid: Designing a Human-Centered Mathematics,chapters,8,Gerry Stahl,Chapter 8.  Theory: Resources for Geometry,"Stahl, G. (2013). Resources for Connecting Levels of Learning. http://GerryStahl.net/pub/resources.pdf"
5,5.euclid.pdf,Translating Euclid: Designing a Human-Centered Mathematics,chapters,9,Gerry Stahl,Chapter 9.  Pedagogy: Designing Geometry,
5,5.euclid.pdf,Translating Euclid: Designing a Human-Centered Mathematics,chapters,10,Gerry Stahl,Chapter 10.  Practice: Doing Geometry,
5,5.euclid.pdf,Translating Euclid: Designing a Human-Centered Mathematics,chapters,11,Gerry Stahl,Chapter 11.  Design-Based Research: Human-Centered Geometry,
6,6.analysis.pdf,Constructing Dynamic Triangles Together: The Development of Mathematical Group Cognition,chapters,0,Gerry Stahl,,"Stahl, G. (2016). Constructing Dynamic Triangles Together: The Development of Mathematical Group Cognition. Cambridge, UK: Cambridge University Press. https://doi.org/http://www.cambridge.org/la/academic/subjects/psychology/educational-psychology/constructing-dynamic-triangles-together-development-mathematical-group-cognition?format=HB "
6,6.analysis.pdf,Constructing Dynamic Triangles Together: The Development of Mathematical Group Cognition,chapters,1,Gerry Stahl,Introduction to the Analysis,
6,6.analysis.pdf,Constructing Dynamic Triangles Together: The Development of Mathematical Group Cognition,chapters,2,Gerry Stahl,Researching Mathematical Cognition,
6,6.analysis.pdf,Constructing Dynamic Triangles Together: The Development of Mathematical Group Cognition,chapters,3,Gerry Stahl,Analyzing Development of Group Cognition,"Stahl, G. (2014). Group cognition displayed. http://GerryStahl.net/pub/displayed.pdf"
6,6.analysis.pdf,Constructing Dynamic Triangles Together: The Development of Mathematical Group Cognition,chapters,4,Gerry Stahl,Session 1: The Team Develops Collaboration Practices,
6,6.analysis.pdf,Constructing Dynamic Triangles Together: The Development of Mathematical Group Cognition,chapters,5,Gerry Stahl,Session 2: The Team Develops Dragging Practices,
6,6.analysis.pdf,Constructing Dynamic Triangles Together: The Development of Mathematical Group Cognition,chapters,6,Gerry Stahl,Session 3: The Team Develops Construction Practices,
6,6.analysis.pdf,Constructing Dynamic Triangles Together: The Development of Mathematical Group Cognition,chapters,7,Gerry Stahl,Session 4: The Team Develops Tool-Usage Practices,
6,6.analysis.pdf,Constructing Dynamic Triangles Together: The Development of Mathematical Group Cognition,chapters,8,Gerry Stahl,Session 5: The Team Identifies Dependencies,
6,6.analysis.pdf,Constructing Dynamic Triangles Together: The Development of Mathematical Group Cognition,chapters,9,Gerry Stahl,Session 6: The Team Constructs Dependencies,
6,6.analysis.pdf,Constructing Dynamic Triangles Together: The Development of Mathematical Group Cognition,chapters,10,Gerry Stahl,Session 7: The Team Uses Transformation Tools,
6,6.analysis.pdf,Constructing Dynamic Triangles Together: The Development of Mathematical Group Cognition,chapters,11,Gerry Stahl,Session 8: The Team Develops Mathematical Discourse and Action Practices,
6,6.analysis.pdf,Constructing Dynamic Triangles Together: The Development of Mathematical Group Cognition,chapters,12,Gerry Stahl,Contributions to a Theory of Mathematical Group Cognition,
6,6.analysis.pdf,Constructing Dynamic Triangles Together: The Development of Mathematical Group Cognition,chapters,13,Gerry Stahl,Constructing Dynamic Triangles Together,
7,7.philosophy.pdf,Essays in Social Philosophy,essays,0,Gerry Stahl,,"Stahl, G. (2010). Essays in Social Philosophy. Philadelphia, PA: Gerry Stahl at Lulu. "
7,7.philosophy.pdf,Essays in Social Philosophy,essays,1,Gerry Stahl,Truth as Value: Nietzsche’s Escape from Nihilism,"Stahl, G. (1967). Truth as value: Nietzsche's escape from nihilism [Bachelor Thesis]. MIT. http://GerryStahl.net/pub/Nietzsche.pdf"
7,7.philosophy.pdf,Essays in Social Philosophy,essays,2,Gerry Stahl,The Jargon of Authenticity: An Introduction to a Marxist Critique of Heidegger,"Stahl, G. (1975). The jargon of authenticity: An introduction to a Marxist critique of Heidegger. Boundary 2, III(2), 489–498, Article 7. "
7,7.philosophy.pdf,Essays in Social Philosophy,essays,3,Gerry Stahl,Attuned to Being: Heideggerian Music in Technological Society,"Stahl, G. (1979). Attuned to Being: Heideggerian music in technological society. In W. V. Spanos (Ed.), Martin Heidegger and the Question of Literature (pp. 297–324). Bloomington, IN: Indiana University Press. "
7,7.philosophy.pdf,Essays in Social Philosophy,essays,4,Gerry Stahl,Sound and Society: An Essay on Electronic Music,"Stahl, G. (1974). Sound and Society: An Essay on Electronic Music. http://gerrystahl.net/publications/interpretations/music.htm"
7,7.philosophy.pdf,Essays in Social Philosophy,essays,5,Gerry Stahl,Utopian Optics: Theodor W. Adorno’s Prisms: Cultural Criticism and Society,"Stahl, G. (1974). Utopian Optics: Theodor W. Adorno's Prisms: Cultural Criticism and Society. http://GerryStahl.net/pub/utopian_optics.pdf"
7,7.philosophy.pdf,Essays in Social Philosophy,essays,6,Gerry Stahl,A Modern Voice for Marx,"Stahl, G. (1978). A Modern Voice for Marx. http://gerrystahl.net/publications/interpretations/capital.htm"
7,7.philosophy.pdf,Essays in Social Philosophy,essays,7,Gerry Stahl,The Theory and Practice of Democratic Socialism,"Stahl, G. (1976). The Theory and Practice of Democratic Socialism. http://GerryStahl.net/pub/democratic_socialist_theory.pdf"
7,7.philosophy.pdf,Essays in Social Philosophy,essays,8,Gerry Stahl,The Economic Facts of Unemployment,
7,7.philosophy.pdf,Essays in Social Philosophy,essays,9,Gerry Stahl,Education for Democracy at Mondragon,"Stahl, G. (1984). Education for Democracy at Mondragon. http://GerryStahl.net/pub/mondragon.pdf"
7,7.philosophy.pdf,Essays in Social Philosophy,essays,10,"G. Stahl, T. Koschmann & H. Barrows",Problem-Based Learning: Whitepaper for a Collaboration,"Stahl, G., Koschmann, T., & Barrows, H. S. (1998). Problem-Based Learning: White paper for a Collaboration. http://gerrystahl.net/publications/ideas/PBL%20white%20paper.html"
7,7.philosophy.pdf,Essays in Social Philosophy,essays,11,Gerry Stahl,The Evolutionary Analysis of Knowledge,"Stahl, G. (1992). The Evolutionary Analysis of Knowledge. http://gerrystahl.net/publications/ideas/analysis.html"
7,7.philosophy.pdf,Essays in Social Philosophy,essays,12,Gerry Stahl,The Rapid Evolution of Knowledge,"Stahl, G. (1992). The Rapid Evolution of Knowledge. http://gerrystahl.net/publications/ideas/rapid.html"
7,7.philosophy.pdf,Essays in Social Philosophy,essays,13,Gerry Stahl,"We Have to Work in the Future Now. (In Fact, We are Already Late.)","Stahl, G. (1996). We have to work in the future now. (In fact, we are already late.). http://gerrystahl.net/publications/ideas/future.html "
7,7.philosophy.pdf,Essays in Social Philosophy,essays,14,Gerry Stahl,LSA Visits the Chinese Room: A Guided Tour,"Stahl, G. (1997). LSA Visits the Chinese Room. http://gerrystahl.net/publications/interpretations/Chinese%20Room.html"
7,7.philosophy.pdf,Essays in Social Philosophy,essays,15,Gerry Stahl,Consciousness Without Neural Correlates,"Stahl, G. (1997). Consciousness Without Neural Correlates. http://gerrystahl.net/publications/interpretations/Neural%20Correlates%20of%20Consc.html"
7,7.philosophy.pdf,Essays in Social Philosophy,essays,16,Gerry Stahl,Software Semiotics,"Stahl, G. (1998). Software Semiotics. http://gerrystahl.net/publications/ideas/semiotics.html"
7,7.philosophy.pdf,Essays in Social Philosophy,essays,17,Gerry Stahl,Software as a New Art Form,"Stahl, G. (1998). Software as a new art form. http://gerrystahl.net/publications/ideas/software_art.html"
7,7.philosophy.pdf,Essays in Social Philosophy,essays,18,Gerry Stahl,On Alexander's pattern language as end-user programming,"Stahl, G. (1996). On Alexander's pattern language as end-user programming. http://gerrystahl.net/publications/ideas/pattern.html"
7,7.philosophy.pdf,Essays in Social Philosophy,essays,19,Gerry Stahl,"Lela's Birthday is a ""Lela Birthday""","Stahl, G. (1998). Lela's Birthday is a ""Lela Birthday"". http://gerrystahl.net/publications/ideas/Lela%20Birthday.html"
7,7.philosophy.pdf,Essays in Social Philosophy,essays,20,Gerry Stahl,Time and Being: A translation of Martin Heidegger’s “Zeit und Sein”,"Stahl, G. (1970). Time and Being: A translation of Martin Heidegger's Zeit und Sein. http://GerryStahl.net/pub/time&being.pdf"
7,7.philosophy.pdf,Essays in Social Philosophy,essays,21,Gerry Stahl,The Working of Aural Being in Electronic Music,"Stahl, G. (2021). The working of aural being in electronic music. In G. Stahl (Ed.), Essays on Social Philosophy. Chatham, MA: Gerry Stahl at Lulu. "
8,8.software.pdf,Essays in Personalizable Software,essays,0,Gerry Stahl,,"Stahl, G. (2011). Essays in Personalizable Software. Philadelphia, PA: Gerry Stahl at Lulu. "
8,8.software.pdf,Essays in Personalizable Software,essays,1,"G. Stahl, R. McCall & G. Peper",A Hypermedia Inference Language as an Alternative to Rule-based Expert Systems,"Stahl, G., McCall, R., & Peper, G. (1992). Extending hypermedia with an inference language:  An alternative to rule-based expert systems. IBM ITL Conference:  Expert Systems, Yorktown Heights, NY."
8,8.software.pdf,Essays in Personalizable Software,essays,2,Gerry Stahl,A Computational Medium for Supporting Interpretation in Design,"Stahl, G. (1992). A Computational Medium for Supporting Interpretation in Design (CU-CS-598-92). http://GerryStahl.net/publications/techreports/design/Design.tr.html"
8,8.software.pdf,Essays in Personalizable Software,essays,3,Gerry Stahl,Toward a Theory of Hermeneutic Software Design,"Stahl, G. (1992). Toward a Theory of Hermeneutic Software Design: Dissertation Proposal (CU-CS-589-92). http://GerryStahl.net/publications/dissertations/Proposal.html"
8,8.software.pdf,Essays in Personalizable Software,essays,4,Gerry Stahl,Supporting Personalizable Learning,"Stahl, G. (1995). Supporting Personalizable Learning (CU-CS-788-95). http://GerryStahl.net/publications/techreports/personalize/"
8,8.software.pdf,Essays in Personalizable Software,essays,5,Gerry Stahl,Personalizing the Web,"Stahl, G. (1996). Personalizing the Web (CU-CS-836-96). http://GerryStahl.net/publications/techreports/www6/PAPER82.html"
8,8.software.pdf,Essays in Personalizable Software,essays,6,Gerry Stahl,Supporting Personalization and Reseeding-on-demand,"Stahl, G. (1999). Supporting Personalization and Reseeding-on-demand. http://gerrystahl.net/publications/ideas/gerry_pp.html"
8,8.software.pdf,Essays in Personalizable Software,essays,7,"Fischer, G., Nakakoji, K., Ostwald, J., Stahl, G., & Sumner, T",Embedding ComputerBased Critics in the Contexts of Design,"Fischer, G., Nakakoji, K., Ostwald, J., Stahl, G., & Sumner, T. (1993). Embedding computer-based critics in the contexts of design. Conference on Human Factors in Computing Systems (INTERChi '93), Amsterdam, NL."
8,8.software.pdf,Essays in Personalizable Software,essays,8,"Fischer, G., Nakakoji, K., Ostwald, J., Stahl, G., & Sumner, T",Embedding Critics in Design Environments,"Fischer, G., Nakakoji, K., Ostwald, J., Stahl, G., & Sumner, T. (1993). Embedding critics in design environments. Knowledge Engineering Review, 4(8), 285–307, Article 8. "
8,8.software.pdf,Essays in Personalizable Software,essays,9,Gerry Stahl,POW! Perspectives On the Web,"Stahl, G. (1999). POW! Perspectives on the Web. WebNet World Conference on the WWW and Internet (WebNet '99), Honolulu, HA."
8,8.software.pdf,Essays in Personalizable Software,essays,10,Gerry Stahl,Reflections on WebGuide: Seven Issues for the Next Generation of Collaborative Knowledge-Building Environments,"Stahl, G. (1999). Reflections on WebGuide: Seven issues for the next generation of collaborative knowledge-building environments. International Conference on Computer Supported Collaborative Learning (CSCL '99), Palo Alto, CA."
8,8.software.pdf,Essays in Personalizable Software,essays,11,G. Stahl and T. Hermann,Intertwining Perspectives and Negotiation,"Stahl, G., & Herrmann, T. (1999). Intertwining perspectives and negotiation. ACM SIGGROUP Conference on Supporting Group Work (Group '99), Phoenix, AZ."
8,8.software.pdf,Essays in Personalizable Software,essays,12,Gerry Stahl,Reflections on Supporting and Studying Collaborative Team Formation in PostCardiac Surgery Care: Lessons of CSCW for Collaborative Care Software Support,"Stahl, G. (2005). Reflections on Supporting and Studying Collaborative Team Formation in Post-Cardiac Surgery Care. http://GerryStahl.net/pub/collabcare.pdf"
8,8.software.pdf,Essays in Personalizable Software,essays,13,"Stahl, G., Sumner, T., & Repenning, A.",Internet Repositories for Collaborative Learning: Supporting both Students and Teachers,"Stahl, G., Sumner, T., & Repenning, A. (1995). Internet repositories for collaborative learning: Supporting both students and teachers. International Conference on Computer Support for Collaborative Learning (CSCL '95), Bloomington, Indiana."
8,8.software.pdf,Essays in Personalizable Software,essays,14,E. Lenell and G. Stahl,Evaluating Affordance Short-circuits by Reviewers and Authors Participating in On-line Journal Reviews,"Lenell, E., & Stahl, G. (2001). Evaluating affordance short-circuits by reviewers and authors participating in on-line journal reviews. European Computer Supported Collaborative Learning Conference (E-CSCL '01), Maastricht, NL."
8,8.software.pdf,Essays in Personalizable Software,essays,15,"Kintsch, E., Steinhart, D., Stahl, G., Matthews, C. & Lamb, R.",Developing Summarization Skills through the Use of LSABased Feedback,"Kintsch, E., Steinhart, D., Stahl, G., Matthews, C., Lamb, R., & the LSA Research Group. (2000). Developing summarization skills through the use of LSA-backed feedback. Interactive Learning Environments, 8(2), 87–109, Article 8. "
8,8.software.pdf,Essays in Personalizable Software,essays,16,"Collazos, C. A., Guerrero, L. A., Pino, J. A., Ochoa, S. & Stahl, G. ",Designing Collaborative Learning Environments using Digital Games,"Collazos, C. A., Guerrero, L. A., Pino, J. A., Ochoa, S., & Stahl, G. (2007). Designing collaborative learning environments using digital games. Journal of Universal Computer Science, 13(7), 781–791, Article 8. "
8,8.software.pdf,Essays in Personalizable Software,essays,17,"Stahl, G., Rohde, M., & Wulf, V.",Introduction: Computer Support for Learning Communities,"Stahl, G., Rohde, M., & Wulf, V. (2006). Introduction: Computer support for learning communities. Behavior and Information Technology (BIT), 26(1), 1–3, Article 8. https://doi.org/http://dx.doi.org/10.1080/01449290600811495 "
8,8.software.pdf,Essays in Personalizable Software,essays,18,Gerry Stahl,Book review of Professional Development for Cooperative Learning: Issues and Approaches,"Stahl, G. (2000). Review of ""Professional Development for Cooperative Learning: Issues and Approaches"" [book review]. Teaching and Learning in Medicine: An International Journal, 12(4), Article 8. "
9,9.cscl.pdf,Essays in Computer-Supported Collaborative Learning,essays,0,Gerry Stahl,,"Stahl, G. (2015). Essays in Computer-Supported Collaborative Learning. Philadelphia, PA: Gerry Stahl at Lulu. "
9,9.cscl.pdf,Essays in Computer-Supported Collaborative Learning,essays,1,"Stahl, G., Spada, H., Miyake, N., & Law, N.",Introduction to the Proceedings of CSCL 2011,"Stahl, G., Spada, H., Miyake, N., & Law, N. (2011). Introduction to the Proceedings of CSCL 2011. In H. Spada, G. Stahl, N. Miyake, & N. Law (Eds.), Connecting Computer-Supported Collaborative Learning to Policy and Practice: CSCL 2011 Conference Proceedings. Volume I — Long Papers (Vol. I, pp. viii–xi). Lulu: ISLS. "
9,9.cscl.pdf,Essays in Computer-Supported Collaborative Learning,essays,2,Gerry Stahl,Engaging with Engaged Learning,"Stahl, G. (2006). Engaging with engaged learning. In D. Hung & M. S. Khine (Eds.), Engaged Learning with Emerging Technologies (pp. i–v). Boston: Springer. "
9,9.cscl.pdf,Essays in Computer-Supported Collaborative Learning,essays,3,"Stahl, G., & Chai, S.",Toward a New Science of Collaborative Learning,"Stahl, G., & Chai, S. (2010). Group Cognition as a New Science of Learning:  An Interview with Gerry Stahl. China Education Technology [in Chinese], 2010 (May), Article 9. "
9,9.cscl.pdf,Essays in Computer-Supported Collaborative Learning,essays,4,Gerry Stahl,Team Cognition in Socio-Technical Systems,"Stahl, G. (2010). Group-Cognition Factors in Sociotechnical Systems. Human Factors. Special issue on Collaboration, Coordination, and Adaptation in Complex Sociotechnical Systems 52(2), 340–343, Article 9. "
9,9.cscl.pdf,Essays in Computer-Supported Collaborative Learning,essays,5,"Stahl, G., & Rosé, C. P.",Analyzing Cognition in Online Teams,"Stahl, G., & Rosé, C. P. (2011). Group Cognition in Online Teams. In E. Salas & S. M. Fiore (Eds.), Theories of Team Cognition: Cross-Disciplinary Perspectives (pp. 517–547). New York, NY: Routledge/Taylor & Francis. "
9,9.cscl.pdf,Essays in Computer-Supported Collaborative Learning,essays,6,Gerry Stahl,Sustaining Interaction in a CSCL Environment,"Stahl, G. (2005). Sustaining online collaborative problem solving with math proposals [winner of best paper award]. International Conference on Computers and Education (ICCE 2005), Singapore, Singapore."
9,9.cscl.pdf,Essays in Computer-Supported Collaborative Learning,essays,7,Gerry Stahl,Synchronous Chat in CSCL,"Stahl, G. (2009). Collaborative learning through practices of group cognition. international conference on Computer Support for Collaborative Learning (CSCL 2009), Rhodes, Greece."
9,9.cscl.pdf,Essays in Computer-Supported Collaborative Learning,essays,8,J. Sarmiento & G. Stahl,Temporality of the Joint Problem Space,"Sarmiento, J., & Stahl, G. (2008). Extending the Joint Problem Space: Time and Sequence as Essential Features of Knowledge Building [nominated for best paper of the conference]. International Conference of the Learning Sciences (ICLS 2008), Utrecht, Netherlands."
9,9.cscl.pdf,Essays in Computer-Supported Collaborative Learning,essays,9,"Stahl, G., Wee, J. D., & Looi, C.-K.",Designing Problems to Support Knowledge Building,"Stahl, G., Wee, J. D., & Looi, C.-K. (2007). Using chat, whiteboard and wiki to support knowledge building. International Conference on Computers in Education (ICCE 07), Hiroshima, Japan."
9,9.cscl.pdf,Essays in Computer-Supported Collaborative Learning,essays,10,"Stahl, G., Çakir, M. P., Weimar, S., Weusijana, B. K., & Ou, J. X.",Enhancing Mathematical Communication for Virtual Math Teams,"Stahl, G., Çakir, M. P., Weimar, S., Weusijana, B. K., & Ou, J. X. (2010). Enhancing mathematical communication for virtual math teams. Acta Didactica Napocensia, 3(2), 101–114, Article 9. "
9,9.cscl.pdf,Essays in Computer-Supported Collaborative Learning,essays,11,"Stahl, G., Rosé, C. P., & Goggins, S.",Analyzing the Discourse of GeoGebra Collaborations,"Stahl, G., Rosé, C. P., & Goggins, S. (2010). Analyzing the discourse of GeoGebra collaborations. First North American GeoGebra Conference, Ithaca, NY."
9,9.cscl.pdf,Essays in Computer-Supported Collaborative Learning,essays,12,"Stahl, G., Rosé, C. P., O'Hara, K., & Powell, A. B.",Supporting Group Math with Software Conversational Agents,"Stahl, G., Rosé, C. P., O'Hara, K., & Powell, A. B. (2010). Supporting group math cognition in virtual math teams with software conversational agents. First North American GeoGebra Conference, Ithaca, NY."